118, 61730; 61729; 61925; 61500; 61415; 61540; 61542; 61414; 61926; 61504;
136, 10449;
186, 15061; 44612; 10312; 9517; 16472; 10313; 9391; 8608; 24833; 9392; 25658; 23055; 5765; 25659; 26935; 40902; 7384; 25661; 26934; 1500; 17880; 44870; 44601; 44603; 4842; 22484; 44602; 7385; 17879; 23057; 1521; 23056; 8565; 3124; 4843; 6594; 1998; 4469; 15059; 23058;
234, 32749; 32748; 43990; 64853; 48793; 38060; 32747; 48411; 58512; 50503; 58511; 32906; 64854; 43951; 48791; 50501; 62953; 58513; 38023; 36783; 48792; 52922; 62951; 36778; 37864; 37866; 36777; 50502; 37865; 32904; 48413; 38013; 52921; 64852; 32905;
243, 32708; 32895; 41980; 37878; 31327; 30865; 31328; 32707; 48832; 32896; 62123; 64855; 64856; 28538; 65498; 29296; 30888; 65267; 64333; 30826; 41983; 58760; 31388; 65266; 65268; 38948; 29294; 61308; 62111; 52836; 56716; 28539; 56360; 30825; 57392; 32894; 46868; 64331; 52835; 65499; 28517; 52808; 56359; 30889; 65496; 46961; 56714; 48883; 31389; 65497; 28518; 58219; 30866; 61306; 38949; 46595; 58218; 31387; 32709; 65495; 46869; 31368; 63837; 30864; 45656; 31329; 57391; 36187; 52809; 56715; 57393; 38947; 61304; 37879; 48833; 63839; 52834; 62113; 63838; 37877; 28519; 62112; 58217; 46867; 56361; 62122; 28574; 52807; 31367; 48831; 29295; 30824; 48882; 65494; 64332; 28537; 57375;
262, 3526; 7659; 7300; 28382; 1338; 8196; 28202; 26494; 14820; 26495; 28384; 5199; 26496; 3525; 7657; 5198; 28386; 1330; 14819; 5200;
32928, 133934858; 133210910; 131526932; 133837066; 131557662; 133934878; 131523358; 133972244; 128788490; 134074654; 133339412; 130500884; 129650442; 131557642; 128248350; 131526942;
34784, 131130644; 131325204; 133358858; 133358878; 133358868; 133856532; 131303690; 130229012; 131130654; 130702100; 129543434; 129547530; 130251540; 129723146; 129529364; 129524244; 129529886; 129543946; 129723156; 129653022; 130251530; 130708244; 129530388; 129544468; 129546004; 129525258; 129523220; 129989898; 131327252; 129987338; 129960222; 129989908; 130009886; 129530900; 129720094; 130311966; 129653002; 134034698; 129820948; 129960202; 129522698; 129543966; 129532426; 130156308; 133973780; 133973770; 129548042; 130008862; 129524746; 130249482; 129548062; 129823006; 133856522; 134039838; 134039828; 134042378; 130487050; 130249492; 129748254; 129524766; 129822996; 134151946; 129530910; 134151956; 134151966; 133856010; 133856020; 133856030; 129543444; 130357022; 129988894; 133878538; 133878558; 130130196; 130487060; 129525268; 129547540; 130487070; 129528862; 134042398; 129769226; 129525780; 129653012; 129720074; 129769236; 129528350; 129529374; 129820938; 129822986; 129989918; 129525790; 130697492; 129529876; 129529866; 130261268; 130311434; 129525278; 130697502; 130710794; 129545994; 129544458; 129528330; 129545482; 129532436; 131303710; 130355978; 130824468; 130261278; 129688852; 129720084; 129522708; 130705182; 129987348; 130708254; 130249502; 129530378; 129748244; 129700106; 129700126; 129795358; 129987358; 131092756; 131130634; 129544478; 130156318; 130357012; 131092746; 130682142; 129530398; 129545502; 131327242; 131327262; 131092766; 130009876; 134034718; 131303700; 131110164; 129723166; 130311444; 134034708; 129553694; 130521886; 130154772; 129528852; 1193746; 129700116; 129988884; 129545492; 129548052; 130521866; 130521876; 130497822; 131089674; 130355988; 133858068; 133858078; 129543454; 133379348; 130705162; 129688842; 129524756; 129960212; 129546516; 134156042; 130682132; 129543956; 134042388; 133480734; 133480724; 1184786; 129529354; 130697482; 130154782; 131134238; 130355998; 130824478; 134156062; 134156052; 133973790; 129553684; 129769246; 129546014; 129748234; 131089684; 130311956; 131153182; 131325194; 131153172; 131325214; 129528842; 129547550; 130251550; 134009118; 134009098; 134009108; 133379338; 133379358; 129530890; 129688862; 130659102; 133337876; 133480714; 131302666; 131302676; 129524234; 129546526; 130705172; 134039818; 130497812; 133337886; 130009866; 130605332; 130311946; 130659082; 133337866; 129523230; 129522718; 129795348; 130357002; 129525770; 133878548; 129795338; 131134218; 131134228; 129523210; 130710814; 130008852; 129524254; 129553674; 130229002; 130008842; 131110154; 130824458; 131110174; 130261258; 130702110; 130702090; 131558154; 131558164; 133858058; 130311454; 129532446; 129546506; 130156298; 131089694; 130682122; 129528340; 129820958; 130710804; 131302686;
34880, 130019604; 131071754; 130133278; 131308830; 129703198; 130657566; 130657556; 131430666; 134263316; 134263326; 134263306; 130657546; 130133268; 130675466; 129703188; 130154250; 131561226; 130133258; 130526484; 131308820; 130526474; 131308810; 131106058;
38, 20891; 9532; 45491; 9528; 60293; 22598; 12567; 4997; 23275; 60291; 21643; 60292; 23276; 1905; 13691; 3939; 1627; 10348; 36750; 2857; 23269; 23035; 17791; 27319; 17793; 12566; 22602; 26563; 36742; 1209; 26561; 24582; 4467; 36383; 2856; 11585; 22604; 7110; 12565; 23034; 1628; 36381; 1342; 34700; 21644; 36741; 1343; 3937; 23266; 2858; 48162; 3354; 26562; 11587; 17792; 26048; 23277; 22601; 13650; 22599; 23270; 4468; 26296; 26047; 11586; 36743; 21642; 13689; 3938; 1904; 4985; 23036; 4996; 1629; 24581; 22603; 13692; 3350; 1341; 47980; 3349; 9529; 24583;
451, 24581; 3354; 26561; 7110; 48162; 22529; 36381; 1208; 11658; 60291; 60293; 23057; 1627; 11657; 4556; 4468; 1629; 17880; 24833; 13691; 29761; 36750; 20858; 36743; 5200; 1343; 17791; 25661; 2856; 1628; 21642; 25770; 3126; 11585; 28386; 11027; 3124; 26934; 4985; 22602; 22531; 24542; 4997; 5198; 38010; 3350; 44612; 7657; 4842; 5199; 25659; 17792; 14820; 11586; 25658; 28382; 36383; 4526; 7659; 13650; 9391; 1338; 26563; 34700; 26935; 23035; 3938; 23275; 22530; 22604; 4467; 4996; 21644; 3525; 7300; 23056; 1904; 24583; 6037; 14819; 44603; 44602; 26562; 17879; 17793; 23269; 36742; 24582; 24543; 10421; 23277; 23058; 60292; 1341; 28384; 44870; 8608; 11032; 29763; 3349; 13689; 26047; 3937; 20857; 2858; 26495; 10422; 4843; 32203; 23276; 10420; 24541; 47980; 1330; 11028; 23266; 13692; 3526; 2857; 11883; 10312; 1521; 11587; 45491; 5414; 6044; 9528; 5425; 11147; 26494;
601, 7384; 11138; 8912; 40902; 23054;
8267, 131544084; 131544094; 131544074; 129512212; 129403658; 130635796; 133808650; 133808670; 130195466; 133808660; 129403668; 129519882; 129573898; 129878036; 129942036; 133487114; 133487134; 130635786; 129661962; 129661470; 129288458; 129490196; 129942046; 130411018; 129342740; 130411038; 134187018; 129408778; 129512222; 129239316; 129490206; 130121246; 129632788; 133801502; 133801492; 131320330; 131320350; 131320340; 130502164; 129289492; 130545172; 129512202; 129520926; 927762; 130121226; 129408798; 129288468; 130171402; 134187028; 134187038; 129490186; 129573908; 129948180; 133487124; 130502174; 130861066; 130861076; 130861086; 129681930; 131155466; 129948190; 129493790; 129632798; 131083786; 129493780; 129632778; 130854420; 130854430; 131083806; 129942026; 129661972; 129681950; 129288478; 130854410; 131083796; 129520916; 130024478; 130690058; 129483550; 130502154; 130690078; 130093578; 129948170; 130121236; 129520906; 129483530; 1013778; 129408788; 130069012; 129493770; 129483540; 129661450; 130635806; 129289502; 133809162; 129661982; 133801482; 130690068; 130195476; 129403678; 130411028; 129661460; 129239326;
8272, 130804766; 130121236; 133197332; 133197322; 131005470; 133197342; 133266452; 133266462; 131005450; 131233300; 131295764; 133357598; 133545502; 129239316; 131233310; 133831188; 133266442; 130024478; 131395082; 131395102; 133257226; 129342740; 131295754; 133357588; 131125268; 131005460; 131120138; 131120148; 133257236; 131055134; 133476362; 133218846; 133218836; 133218826; 130121226; 130121246; 133629460; 131125278; 129520916; 134086174; 133357578; 133629470; 133629450; 130918932; 130918942; 129520926; 129239326; 133831198; 131395092; 131120158; 129878036; 133831178; 133257246; 130918922; 129289502; 131175434; 129289492; 131124746; 131124756; 131125258; 131124766; 131055124; 131233290; 131471380; 129512212; 129661470; 129661450; 129520906; 130195476; 129403658; 129403668; 130195466; 129403678; 129661460; 130635796; 129512202; 130411028; 130411018; 130411038; 130635806; 129512222; 130635786; 134237726; 133476372; 133476382; 131175454; 131175444; 134237706; 134237716;
871, 7224; 40826; 20616; 5932; 8397; 49233; 42706; 5912; 11429; 5871; 42486; 15324; 8394; 52562; 8380; 9013; 27444; 43642; 8150; 40150; 20607; 8265; 9035; 5931; 6112; 57672; 12793; 43263; 43262; 26783; 6135; 27507; 27508; 3563; 8395; 49547; 3555; 17893; 42668; 6995; 27466; 27442; 49743; 41200; 43274; 9037; 4503; 10268; 4551; 3658; 4525; 22246; 26161; 12160; 24432; 40154; 24433; 5906; 40484; 4569; 40486; 3532; 27524; 14269; 5850; 26768; 30996; 30995; 40365; 41333; 41332; 41331; 27460; 26769; 6172; 52529; 52538; 40824; 40825; 42670; 22245; 23155; 52544; 43965; 43344; 6136; 6228; 49548; 43343; 4526; 25557; 11015; 11338; 27456; 18498; 27443; 10266; 12798; 40485; 3560; 5929; 25558; 16182; 6226; 5942; 58814; 58815; 58813; 12810; 49549; 52650; 42888; 42878; 42879; 32066; 31970; 31936; 6227; 4280; 26760; 30178; 30153; 30177; 42669; 16183; 18203; 8379; 52556; 52563; 40366; 3556; 24470; 43970; 24597; 4574; 3562; 8429; 8412; 18208; 42709; 40156; 58798; 58799; 52545; 52539; 4301; 7230; 16181; 20608; 3657; 42705; 42496; 9023; 9014; 5941; 8259; 7229; 4291; 6113; 10267; 52537; 22227; 24598; 24599; 5956; 43342; 25518; 8396; 42497;
874, 42831; 9105; 9554; 6844; 9726; 6301; 6687; 6808; 46903; 6638; 9106; 9107; 40424; 11764; 40550; 6419; 13781; 6899; 6274; 10813; 19963; 19768; 40397; 40396; 55083; 46110; 40548; 49; 42833; 40533; 40549; 9553; 20390; 13953; 14971; 14738; 6639; 14017; 6640; 31641; 6354; 40426; 40395; 45280; 40425; 19785; 47070; 48631; 25718; 42902; 22202; 22201; 13813; 6855; 6864; 20329; 40130; 17321; 14289; 18361; 14976; 24718; 24724; 25871; 26801; 26843; 18343; 48650; 37792; 6349; 53780; 61133; 8507; 24726; 17257; 26813; 6577; 6802; 6627; 9725; 6241; 20388; 6249; 6578; 6800; 6303; 6686; 6433; 13670; 6401; 6253; 6496; 23842; 6624; 6690; 6793; 42903; 37795; 47101; 6575; 22703; 22700; 18831; 6582; 25711; 6250; 8503; 6448; 6248; 6919; 18833; 6904; 6497; 6809; 11765; 6912; 6389; 17259; 17262; 13669; 37928; 37944; 25775; 25776; 25789; 6431; 6273; 12000; 19955; 40138; 12002; 21900; 6863; 20371; 11960; 18656; 19588; 14288; 6860; 19600; 19954; 10529; 10541; 20464; 14339; 6511; 41862; 9558; 11321; 11290; 11324; 6242; 6538; 42890; 42901; 54070; 25873; 42889; 6498; 18832; 55229; 55082; 24714; 6350; 6801; 8506; 6399; 6348; 22710; 18658; 22211; 10757; 20328; 6280; 20417; 14340; 6583; 6900; 14733; 6706; 42904; 40547; 40532; 49451; 49044; 17323; 17322; 10736; 6302; 9798; 6816; 9764; 6623; 9729; 6576; 6404; 6252; 6243; 9797; 18818; 19786; 6432; 6286; 10527; 6558; 37791; 46461; 48620; 25710; 19589; 6288; 18781; 18819; 13668; 53857; 6279; 6886; 11954; 21904; 24725; 25872; 25517; 25490; 25474; 6398; 41863; 14734; 14970; 22007; 6865; 6754; 13816; 42832; 9139; 9159; 18817; 6251; 9138; 6581; 14307;
879, 63150; 63149; 62768; 62767; 62941; 62942; 65063; 64926; 62770; 62771; 64482; 63535; 63534; 63333; 63963; 63961; 65177; 64933; 64982; 64777; 64483; 63559; 63560; 62756; 62289; 63381; 65066; 65201; 62848; 64267; 64929; 60244; 60246; 60245; 63314; 65263; 65172; 63811; 60562; 62742; 61703; 64340; 62944; 63540; 60553; 63334; 65065; 62762; 62772; 64341; 62947; 63962; 62945; 62946; 63332; 63417; 63877; 63885; 63886; 64540; 64481; 63824; 64528; 65178; 64526; 64539; 64527; 63533; 63536; 63079; 63080; 62704; 63018; 64778; 63825; 63538; 62855; 63141; 62760; 61565; 62761; 65064; 65171; 63140; 64510; 63557; 63379; 63016; 63017; 63823; 62290; 62288; 62705; 63081; 63539; 65173; 65084; 63530; 63151; 62164; 61702; 61704; 62948; 64538; 62674; 63531; 63074; 62932; 62935; 63073; 64266; 63815; 64514; 64509; 63812; 63071; 63070; 63561; 62170; 62746; 62205; 62740; 64511; 64512; 62938; 62939; 62745; 62676; 62268; 62267; 62269; 63415; 65265; 65175; 64747; 64748; 63814; 64746; 64930; 62940; 61578; 62271; 62270; 62272; 63117; 63115; 63116; 61558; 65060; 63556; 62773; 62774; 62673; 62675; 63537; 63233; 63232; 63248; 63416; 64927; 64744; 64745; 64743; 63878; 63917; 63916; 63881; 63884; 63875; 63879; 63816; 62937; 62934; 63453; 63461; 62949; 63142; 63380; 62849; 62844; 62846; 62847; 62747; 62744; 64820; 64823; 62766; 62769; 61582; 61669; 61668; 61674; 61666; 61586; 63532; 63107; 63106; 64776; 62933; 63558; 63541; 63147; 63148; 63143; 62854; 65083; 63072; 63075; 62853; 63876; 63874; 62943; 62936; 65174; 64513; 64271; 65067; 62845; 63813; 63108; 62755; 61667; 61670; 63315; 62743; 62741; 63679;
892, 64985; 64510; 63604; 63606; 65066; 65064; 64647; 63819; 64625; 63607; 63414; 63413; 64251; 65083; 63814; 65182; 63608; 63612; 64264; 64436; 64624; 63961; 63813; 65204; 60255; 61314; 64628; 64982; 65177; 64675; 64520; 64266; 64989; 64209; 63545; 64208; 64211; 64149; 61317; 61316; 64671; 64147; 64144; 64281; 64273; 64274; 64740; 62929; 65176; 64286; 61315; 61318; 60261; 60259; 60260; 64737; 64739; 64996; 64512; 64626; 64309; 64930; 64745; 64481; 64231; 62646; 64254; 63412; 62243; 64539; 64990; 65321; 64483; 64454; 65320; 65315; 65263; 64670; 65063; 65316; 64289; 63888; 61313; 64206; 64744; 64742; 65323; 64511; 64265; 64933; 64218; 64220; 64776; 64527; 64509; 65265; 65172; 64777; 64365; 64332; 64170; 64649; 64514; 64306; 63610; 63611; 64453; 63811; 64748; 64146; 64219; 64629; 64437; 64608; 64438; 63815; 63816; 64857; 64623; 64988; 65322; 64775; 64341; 62647; 64692; 64927; 64171; 65178; 65175; 63825; 63544; 64926; 64340; 62921; 63609; 64439; 63824; 64646; 63546; 64226; 64631; 64528; 64263; 64253; 64605; 60258; 64285; 64435; 64673; 64282; 64583; 64283; 64774; 65181; 65267; 64633; 64674; 62918; 64434; 64632; 65065; 65209; 64482; 64287; 63563; 64743; 63823; 64773; 63963; 64929; 65060; 64267; 64513; 64747; 63962; 64540; 64630; 64538; 65174; 64648; 64230; 64627; 64271; 65084; 65067; 62245; 61319; 61322; 64224; 64993; 64746; 64284; 64684; 63812; 64651; 64517; 64991; 63565; 62244; 65328; 63547; 63891; 64172; 64333; 61336; 61334; 61335; 65024; 64873; 64872; 64650; 64683; 65019; 62648; 63564; 65329; 63818; 65324; 63605; 64622; 64331; 64232; 65020; 64531; 63817; 61321; 64256; 64288; 64526; 64682; 64672; 64778; 63542; 63543; 65171;
893, 22245; 22227; 22246;
899, 65254; 61558; 61560; 64519; 64088; 65359; 64025; 64023; 64489; 64354; 64305; 65067; 63658; 64012; 64355; 65114; 61564; 65075; 64187; 64234; 64090; 64490; 64213; 62420; 62422; 62421; 48833; 64054; 64029; 64879; 64031; 64172; 64353; 64881; 64578; 65391; 64882; 65193; 64837; 64130; 64038; 64040; 64107; 63961; 64575; 63356; 63355; 64171; 64190; 64016; 64212; 64853; 64776; 30865; 64140; 64311; 64142; 64144; 64286; 64027; 64278; 64043; 64279; 64867; 64868; 64093; 64293; 64143; 64032; 64544; 65252; 65077; 63656; 61386; 61385; 61384; 64003; 64073; 64186; 64535; 64577; 63400; 64039; 65376; 65104; 64108; 30866; 64677; 64227; 64285; 64579; 64467; 64242; 30864; 30889; 63359; 63372; 61644; 61641; 61640; 63375; 63373; 64103; 63881; 64228; 64515; 64316; 64516; 62171; 62509; 63374; 63988; 64465; 64030; 62147; 64280; 63414; 63415; 65237; 62172; 64277; 64360; 64775; 65358; 62149; 64026; 63644; 62148; 64092; 64281; 64827; 64315; 63994; 64070; 64287; 64870; 64297; 64021; 64580; 65338; 64549; 64282; 64072; 64338; 64083; 63134; 63626; 63661; 64018; 64192; 62170; 64873; 65073; 65076; 64502; 64076; 64782; 64034; 64230; 63996; 64233; 64284; 63319; 63322; 64086; 64289; 64141; 64753; 65356; 64866; 64876; 65078; 64869; 60818; 61009; 60892; 60964; 60891; 60819; 60990; 64224; 60585; 60868; 64033; 64050; 64135; 64678; 64069; 64080; 64106; 64488; 64755; 64871; 64121; 63613; 60591; 61067; 61093; 65279; 63995; 65135; 62021; 62029; 65175; 64762; 60417; 60598; 60907; 60408; 60626; 60628; 61094; 60407; 60597; 60838; 64361; 64264; 63620; 60940; 61082; 60837; 60605; 60947; 60601; 60839; 64104; 60409; 60593; 60906; 60840; 60822; 63592; 64014; 64845; 64024; 30888; 60864; 60946; 60948; 60603; 60944; 61081; 60815; 37879; 63982; 65127; 62173; 62188; 62189; 62178; 62180; 64304; 63992; 64126; 64265; 65159; 63506; 65350; 64236; 64139; 64138; 65336; 64074; 64517; 63650; 65255; 65208; 61010; 60820; 60859; 60989; 61014; 64208; 64378; 65166; 64823; 63338; 63652; 63564; 60589; 63416; 63413; 64263; 64642; 63981; 64211; 64209; 64051; 61625; 61627; 60865; 60866; 60694; 61083; 60693; 60816; 60692; 60606; 60817; 60835; 60604; 60602; 60823; 60599; 60821; 61068; 63586; 63402; 63583; 63405; 64066; 64842; 64046; 64303; 64301; 61622; 62091; 61624; 62089; 61626; 63611; 64007; 64240; 64537; 65101; 64052; 64747; 64994; 64048; 64061; 64110; 63136; 64831; 62041; 62042; 62044; 64006; 60836; 60945; 64112; 64536; 64063; 64345; 64348; 64349; 65100; 64067; 64283; 64342; 63135; 65368; 64145; 64244; 63991; 64841; 63404; 63587; 64260; 63959; 37878; 64019; 64028; 64306; 64545; 63655; 63381; 63380; 64843; 63654; 64057; 64341; 64216; 64105; 60625; 60627; 64011; 64100; 64017; 63137; 64071; 64754; 64064; 64751; 61623; 62090; 62722; 62723; 63508; 64037; 64125; 63647; 64122; 64238; 64346; 64084; 64098; 64522; 60908; 60592; 61066; 60418; 61095; 60416; 60629; 60630; 63440; 64302; 64533; 64219; 64299; 64101; 64097; 64206; 63353; 63352; 63999; 63649; 64757; 65094; 64243; 65096; 64241; 62642; 64095; 63382; 64231; 64257; 64576; 63379; 64748; 64049; 64750; 64004; 64292; 63651; 61766; 64468; 64239; 63401; 63646; 64275; 64464; 64503; 64838; 65191; 60539; 60586; 60587; 60860; 60869; 64087; 64534; 65080; 64060; 62163; 62166; 64752; 64015; 62641; 62508; 60577; 60893; 60988; 60579; 60966; 60965; 60578; 60588; 60858; 64120; 64119; 62506; 64075; 65089; 63629; 64542; 64085; 63507; 63648; 64170; 64504; 64550; 65347; 63659; 65393; 65132; 64077; 37877; 64288; 64854; 65211; 64189; 64880; 64235; 63645; 64258; 64261; 64518; 64538; 64094; 64343; 64022; 63417; 63441; 63418; 65139; 65235; 63581; 63585; 65355; 65361; 63916; 63653; 62507; 64020; 64839; 64840; 64229; 65105; 63979; 64645; 64111; 60867; 64844; 63358; 64332; 64339; 63439; 63139; 64294; 64377; 64035; 65333; 65339; 64191; 64546; 63438; 63436; 63437; 64296; 64225; 64993; 63917; 64276; 63591; 63593; 64883; 64356; 64676; 64884; 65064; 64756; 65354; 64089; 64232; 65121; 64047; 64340; 61765; 64226; 64174; 64169; 65325; 65348; 64548; 64477; 64761; 63383; 63138; 64469; 64543; 64765; 64298; 64300; 63605; 63606; 63584; 64847; 64081; 61764; 64001; 62485; 62503; 64295; 65123; 62112; 62111; 65179; 63978; 64091; 62123; 60532; 60434; 62732; 64214; 63997; 64079; 64344; 63974; 64058; 65107; 64334; 64333; 64099; 64102; 63628; 63631; 63971; 63956; 63318; 63634; 63636; 64456; 60506; 63623; 30825; 61304; 63621; 63317; 63987; 64000; 64044; 64441; 60462; 60504; 62113; 64530; 64470; 64523; 63960; 63985; 64045; 62150; 62153; 65088; 48831; 64877; 63612; 63625; 60489; 64448; 61308; 61628; 61630; 61632; 61633; 61629; 64002; 64440; 63968; 63151; 63970; 64065; 63624; 60878; 61104; 60614; 60617; 61060; 61103; 60689; 60828; 60609; 61041; 60561; 60620; 60624; 60618; 60827; 60877; 60690; 60611; 61015; 61036; 61039; 61040; 60560; 60888; 63955; 61631; 64036; 64855; 65326; 60490; 60498; 60491; 63150; 64443; 64450; 64836; 65079; 64643; 63958; 63627; 63630; 64010; 64013; 64874; 64875; 62504; 62505; 62501; 62502; 63622; 62122; 61306; 30826; 58219; 63980; 63990; 63154; 63637; 63977; 64059; 65097; 65060; 64992; 60562; 60610; 60812; 60813; 60829; 60619; 60890; 61038; 61102; 60637; 60814; 60876; 60608; 60612; 60830; 61005; 63998; 64078; 63153; 65081; 60420; 60477; 60423; 63660; 63149; 63989; 64068; 62151; 62156; 64347; 64829; 64215; 64218; 65090; 60825; 61037; 60636; 60567; 61000; 63969; 63973; 63972; 64185; 64531; 64830; 64832; 30824; 61424; 61418; 61426; 61427; 61423; 61425; 60613; 60635; 60826; 60691; 61017; 60553; 60833; 60834; 61016; 61061; 60607; 60824; 61004; 61062; 60563; 60616; 60889; 64749; 65102; 64005; 64188; 60437; 60538; 60465; 64872; 65091; 63321; 63983; 64454; 64210; 60474; 62030; 62027; 64453; 61532; 61542; 61499; 61543; 61546; 61533; 61545; 61504; 61531; 61540; 61544; 61500; 62411; 62414; 62412; 62415; 63657; 64082; 63635; 63966; 64041; 64743; 63957; 63632; 63976; 63984; 63993; 64455; 64524; 62413; 62416; 62162; 62164; 62165; 62161; 48832; 64207; 64457; 63320; 63967; 64055; 63152; 63633; 64237; 62518; 63357; 63354; 63412; 63403; 63607; 63975; 58218; 63986; 64062; 64056; 64473; 58217; 64053; 64042; 60615;
907, 8722;
912, 65417; 65297; 62548; 63221; 65442; 62638; 62640; 62718; 64980; 65400; 62545; 65288; 65481; 62138; 62140; 62139; 65502; 62115; 62109; 65411; 62120; 62117; 62577; 65293;
918, 52743; 6627; 10813; 6865; 9797; 54666; 23842; 11764; 8507; 23843; 57674; 40550; 47101; 40549; 22700; 20329; 13669; 49044; 55003; 6855; 52761; 52769; 52768; 6273; 6286; 11960; 13816; 19589; 11954; 12000; 22202; 19588; 19600; 12002; 40547; 40130; 13813; 40532; 6274; 6801; 6419; 40138; 40397; 6280; 22201; 19768; 6279; 13781; 20390; 40533; 10736; 48650; 6399; 6575; 55082; 37795; 49451; 37792; 49; 40548; 24724; 9554; 61133; 41862; 24725; 46110; 9553; 14017; 47070; 8506; 11290; 20388; 6800; 22710; 52839; 27207; 27183; 42889; 42831; 46903; 24726; 6252; 52838; 54796; 8503; 9798; 22703; 52700; 22211; 54797; 42833; 26843; 24718; 17322; 42890; 6496; 42904; 9729; 43281; 19101; 14976; 14971; 18361; 9726; 6249; 37944; 52741; 6398; 6253; 9106; 43279; 43280; 37791; 14289; 57684; 57692; 57682; 57688; 57683; 45280; 24714; 42901; 17321; 57689; 40396; 40395; 6431; 6802; 37928; 31641; 14970; 18343; 55008; 6623; 52701; 17323; 46461; 11324; 11765; 58409; 57725; 19786; 6288; 6432; 19785; 9764; 13668; 26801; 6251; 6687; 6250; 18818; 6348; 9105; 14733; 18817; 6301; 6793; 26813; 6241; 6639; 6349; 6577; 42903; 6578; 6354; 6350; 6816; 6808; 6433; 6690; 6706; 6303; 18819; 14734; 6686; 6576; 6248; 57727; 57726; 41863; 11321; 9558; 52840; 41592; 58750; 49450; 40425; 20328; 25711; 40426; 6558; 6864; 19963; 6860; 25718; 22007; 21904; 18658; 25517; 53857; 10527; 18781; 48631; 18656; 6900; 40424; 10529; 20371; 55229; 6401; 6886; 6899; 10757; 25872; 54070; 19955; 25710; 6863; 10541; 14288; 21900; 48620; 19954; 6404; 14307; 25873; 6624; 25490; 25871; 53780; 58754; 58755; 6302; 6448; 6638; 57673; 55083; 6538; 25474; 57675; 57584; 6389; 14738; 17259; 9725; 13670; 52742; 52747; 13953; 42832; 6754; 6809; 17262; 6243; 6242; 42902; 6640; 17257; 9107;
972, 14948; 6354; 32233; 16825; 27225; 27220; 27203; 9560; 9561; 16838; 24723; 16820; 25269; 40399; 40411; 9554; 6576; 6577; 6419; 6433; 6350; 6448; 14733; 6250; 9107; 6802; 6686; 9553; 14288; 6793; 11960; 18658; 11765; 14971; 9764; 10529; 9558; 9725; 12002; 17002; 9729; 10541; 9106; 6581; 6242; 6624; 6243; 6303; 6808; 6558; 6348; 6252; 6251; 17323; 18781; 6302; 6844; 6899; 18656; 6860; 19588; 6900; 19600; 6398; 6497; 18832; 6886; 6248; 40138; 14307; 6498; 18831; 8503; 6863; 11760; 11321; 22211; 6583; 9139; 8506; 14738; 6816; 6627; 6865; 18819; 10757; 18361; 6690; 20371; 22202; 20390; 11954; 18818; 6288; 22201; 22976; 11290; 17548; 10804; 13930; 6919; 9797; 6575; 12000; 6687; 6912; 21904; 13781; 6279; 14734; 11324; 6934; 6935; 6582; 6249; 20328; 6286; 6432; 10809; 10800; 14349; 6399; 8507; 9563; 21900; 20329; 19963; 6431; 6904; 20464; 40398; 10813; 6639; 14340; 13668; 19955; 6404; 6801; 9562; 20417; 6640; 14289; 6401; 10527; 14976; 6864; 6855; 23842; 13670; 22007; 6496; 18833; 6754; 20388; 41870; 41874; 17544; 22257; 22297; 6301; 13816; 6511; 14339; 9105; 6623; 9138; 9579; 14353; 6253; 6638; 6349; 10736; 19589; 19954; 47102; 17257; 18343; 17259; 6809; 6706; 13953; 6389; 18817; 17262; 6274; 17322; 14970; 9726; 13813; 6936; 14350; 14308; 11764; 12001; 6538; 13914; 6578; 14017; 22280; 9159; 24721; 17321; 9798; 22977; 13669; 24719; 6241;
980, 62037; 62613; 63511; 62715; 63509; 52922; 62016; 52921; 43951; 62809; 63510; 62017; 63643; 61828; 61829; 61830; 61826; 61821; 61825; 61823; 63828; 64740; 62660; 62716; 61684; 43990; 62036; 62035; 64741; 64742; 62717; 61450; 62011; 63497; 62003; 62002; 61991; 61994; 63502; 63500; 63501; 63499; 61993; 63498; 62006; 61455; 62005; 62616; 61807;
998, 25822;
6,55268; 55568; 55569; 55570; 55575; 55577; 55578; 55612; 55613; 55634; 55698; 55699; 55700; 56004; 56005; 56007; 56009; 56010; 56011; 56053; 56054; 56055; 56058; 56064; 56065; 56068; 56104; 56161; 56162; 56191; 56192; 56438; 56439; 56455; 56500; 56514; 56675; 56681; 57167; 57171; 57172; 57203; 57204; 57207; 57559; 60217; 60219; 60222; 60227; 60390; 60399; 60407; 60486; 60585; 60586; 60587; 60594; 60620; 60624; 60625; 60627; 60629; 60631; 60639; 60640; 60670; 60675; 60677; 60682; 60748; 60749; 60762; 60763; 60764; 60779; 60784; 60786; 60790; 60827; 60829; 60892; 60893; 60900; 60905; 60907; 60928; 61019; 61072; 61247; 61248; 61249; 61259; 61260; 61309; 61314; 61318; 61321; 61323; 61423; 61425; 61443; 61612; 61917; 61920; 61924; 62018; 62019; 62034; 62035; 62036; 62040; 62042; 62080; 62084; 62088; 62107; 62316; 62321; 62322; 62456; 62458; 62460; 62558; 62559; 62607; 62608; 62609; 62611; 62613; 62616; 62617; 62639; 62761; 62765; 62795; 62802; 62803; 62812; 62816; 62819; 62849; 62850; 62852; 62897; 62898; 62899; 62902; 62906; 62914; 62951; 62952; 62953; 62954; 62966; 62967; 62970; 62984; 63015; 63040; 63041; 63042; 63052; 63056; 63067; 63083; 63092; 63093; 63106; 63107; 63108; 63121; 63142; 63143; 63149; 63151; 63160; 63161; 63162; 63164; 63180; 63182; 63183; 63187; 63189; 63229; 63230; 63232; 63233; 63235; 63248; 63249; 63250; 63278; 63293; 63390; 63797; 63825; 63832; 63913; 63955; 63956; 63957; 63959; 63961; 63967; 63986; 63987; 63988; 63990; 63991; 64004; 64010; 64020; 64021; 64022; 64027; 64030; 64032; 64034; 64035; 64036; 64081; 64082; 64083; 64100; 64116; 64157; 64221; 64228; 64229; 64255; 64257; 64301; 64303; 64305; 64308; 64316; 64386; 64543; 64576; 64633; 64634; 64704; 64708; 64716; 64772; 64877; 64878; 64879; 64930; 64933; 64934; 64950; 64951; 65040; 65232; 65344; 65408; 65495; 65511; 65514; 65518; 65531; 65532;
7,28304; 28305; 28306; 29116; 35925; 35926; 41532; 41533; 44818; 46697; 56284; 56285; 56286; 63091; 63839; 64002; 64003; 64276;
8,55291; 56001; 56002; 56003; 56056; 56404; 56406; 56705; 56714; 57103; 57107; 57108; 57120; 57121; 57137; 57562; 57938; 60390; 61019; 61073; 61074; 61075; 61082; 61083; 62638; 62876; 63040; 63051; 63820; 63824; 63831; 63832; 63913; 63967; 63992; 64081; 64082; 64083; 64672;
42,288; 405; 2046; 2054; 6569; 6630; 6774; 6892; 7318; 7319; 7550; 9591; 10354; 11666; 14687; 15533; 18794; 19910; 20240; 21080; 23576;
52,170; 216; 269; 607; 1820; 1874; 2010; 3013; 3679; 5615; 5616; 5692; 7609; 7611; 7695; 10902; 11727; 11728; 12123; 12125; 12309; 12954; 13626; 15687; 16709; 16710; 17124; 17213; 17221; 19064; 19098; 19107; 19764; 19772; 20018; 21419; 21486; 22693; 22705; 24369; 24623; 30528;
56,13127; 16272;
63,63536; 63543;
79,1565; 10500; 19296;
88,65254;
111,12885;
139,3957; 4001; 4053; 5167; 5726; 6233; 6241; 7461; 7943; 9114; 9331; 9601; 10961; 13102; 13103; 13777; 13778; 15401; 15836; 15838; 15842; 15930; 17575; 17605; 17753; 17913; 18003; 18443; 18771; 18795; 18892; 18931; 19364; 19365; 19662; 20621; 20698; 20808; 21024; 21025; 22961; 23708; 24121; 24136; 26006; 26028; 26031; 30222; 32334;
165,2804;
170,20; 7413; 11569; 11680; 17843; 28841; 29142; 30188; 44860;
175,29956; 31723; 33774; 34013; 34024; 34030; 34642; 34644; 34645; 35625; 35626; 35685; 35687; 36358; 37905; 40770; 40924; 43586; 44120; 44122; 44147; 45308; 45309; 45455; 45767; 48194; 48195; 48315; 48316; 48327; 51117; 51119; 52183; 52554; 52796; 52797; 53874; 53876; 53879; 54173; 55200; 55425; 55426; 55429; 55431; 55433; 55489; 55498; 55616; 55618; 55796; 55803; 55826; 55827; 55936; 55938; 55954; 55955; 55957; 55958; 56002; 56006; 56037; 56039; 56056; 56058; 56060; 56076; 56113; 56154; 56261; 56357; 56358; 56366; 56367; 56469; 56491; 56510; 56607; 56797; 56804; 56824; 56836; 58017; 58021; 58386; 58477; 58625; 58684; 58688; 58705; 58757; 58760; 58766; 59238; 59239; 59242; 59425; 59426; 59469; 59508; 59511; 59512; 59513; 59515; 59641; 59642; 59643; 59644; 59645; 59646; 59647; 59648; 59653; 59659; 59660; 59661; 59667; 59677; 59679; 59684; 59685; 59714; 59715; 59716; 59717; 59718; 59748; 59749; 59750; 59755; 59756; 59757; 59758; 59759; 59760; 59765; 59767; 59768; 59769; 59770; 59771; 59774; 59775; 59776; 59786; 59787; 59788; 60578; 60585; 60927; 60931; 60939; 61240; 61335; 61399; 61403; 61528; 61529; 61532; 61565; 61589; 61596; 61598; 61645; 61646; 61664; 61678; 61685; 61705; 61706; 61757; 61758; 61784; 61785; 61842; 61885; 61899; 61906; 61913; 62014; 62016; 62017; 62020; 62021; 62029; 62030; 62031; 62074; 62075; 62402; 62614; 62635; 62651; 62652; 62653; 62705; 62706; 62777; 62941; 62943; 62949; 62962; 63030; 63141; 63153; 63157; 63158; 63159; 63172; 63296; 63310; 63317; 63320; 63322; 63323; 63338; 63345; 63347; 63352; 63353; 63360; 63361; 63371; 63372; 63373; 63423; 63424; 63426; 63436; 63437; 63438; 63439; 63451; 63462; 63463; 63570; 63751; 63752; 63753; 63754; 63761; 63764; 63782; 63934; 63973; 63991; 63992; 64033; 64041; 64045; 64046; 64047; 64158; 64159; 64165; 64166; 64171; 64172; 64211; 64284; 64286; 64307; 64308; 64311; 64367; 64494; 64505; 64568; 64576; 64586; 64587; 64629; 64630; 64633; 64635; 64645; 64654; 64854; 64856; 64989; 64990; 65022; 65026; 65214; 65216; 65234; 65235; 65238; 65251; 65300; 65307; 65376; 65433; 65437; 65460; 65462; 65466; 65468; 65472; 65522; 65523; 65526;
183,29969; 32804; 33153; 33160; 33161; 33275; 33276; 33763; 34076; 34779; 34781; 35007; 35008; 35101; 35103; 35224; 35228; 36040; 36044; 36169; 36709; 37621; 38627; 39480; 39863; 40946; 42861; 42959; 44028; 44029; 45354; 45434; 45435; 45436; 46184; 46185; 46661; 46662; 47344; 47390; 47404; 48127; 48128; 48129; 48605; 49387; 49388; 49389; 50213; 50434; 50435; 50436; 50478; 51742; 51743; 52900; 54970; 55196; 55334; 55363; 55365; 55477; 55479; 55500; 55592; 55849; 55854; 55912; 55913; 55914; 55929; 55930; 55937; 55946; 55948; 55951; 56064; 56067; 56069; 56122; 56124; 56193; 56195; 56212; 56213; 56218; 56220; 56221; 56222; 56224; 56234; 56236; 56237; 56243; 56247; 56248; 56250; 56263; 56264; 56266; 56267; 56268; 56270; 56271; 56273; 56275; 56366; 56368; 56377; 56408; 56422; 56437; 56495; 56525; 56569; 56574; 56576; 56611; 56618; 56622; 56624; 56721; 56722; 56731; 56733; 56738; 56780; 56808; 56814; 56831; 56835; 56934; 56938; 56965; 56977; 56979; 56981; 56989; 56991; 56993; 56999; 57008; 57009; 57020; 57033; 57035; 57037; 57060; 57064; 57065; 57067; 57131; 57132; 57133; 57136; 57137; 57138; 57168; 57182; 57256; 57273; 57325; 57326; 57327; 57434; 57442; 57563; 57564; 57654; 57661; 57669; 57674; 57729; 57741; 57745; 57773; 57803; 57804; 57959; 57960; 57993; 57999; 58004; 58029; 58217; 58224; 58228; 58315; 58324; 58347; 58354; 58724; 58728; 58737; 58747; 59183; 59186; 59192; 59458; 59459; 59460; 59464; 59466; 59476; 59477; 59478; 59482; 59485; 59501; 59502; 59503; 59504; 59505; 59528; 59529; 59530; 59543; 59545; 59552; 59584; 59585; 59586; 59587; 59588; 59617; 59618; 59620; 59621; 59622; 59681; 59683; 59685; 59740; 59759; 59760; 59764; 59765; 59778; 59779; 59787; 59789; 59791; 59795; 59796; 59797; 59799; 59807; 59808; 59809; 59810; 59814; 59835; 59836; 59837; 59848; 59849; 59850; 59853; 59860; 59861; 59862; 59874; 59875; 59876; 60331; 60332; 60359; 60391; 60740; 60747; 60770; 60775; 60955; 60960; 60962; 60980; 60985; 60987; 61010; 61014; 61023; 61070; 61072; 61081; 61083; 61130; 61156; 61158; 61182; 61186; 61189; 61198; 61235; 61238; 61268; 61270; 61275; 61277; 61324; 61368; 61369; 61435; 61476; 61478; 61487; 61489; 61490; 61667; 61674; 61696; 62012; 62015; 62018; 62034; 62037; 62042; 62062; 62065; 62092; 62111; 62113; 62115; 62313; 62317; 62319; 62342; 62364; 62440; 62473; 62478; 62497; 62498; 62534; 62538; 62558; 62566; 62588; 62589; 62593; 62595; 62605; 62606; 62611; 62615; 62617; 62641; 62644; 62664; 62665; 62667; 62668; 62674; 62675; 62684; 62685; 62686; 62687; 62689; 62754; 62756; 62769; 62773; 62785; 62800; 62804; 62810; 62813; 62839; 62840; 62841; 62842; 62843; 62864; 62865; 62866; 62873; 62874; 62875; 62876; 62878; 62881; 62889; 62899; 62937; 62938; 62939; 62946; 62950; 62951; 62967; 62970; 62971; 62972; 62976; 62983; 63025; 63031; 63118; 63119; 63129; 63147; 63148; 63149; 63213; 63369; 63371; 63429; 63430; 63482; 63516; 63533; 63564; 63565; 63597; 63602; 63604; 63624; 63697; 63699; 63710; 63766; 63768; 63811; 63821; 63832; 63833; 63924; 63928; 63951; 63965; 63985; 63995; 64040; 64044; 64045; 64075; 64088; 64098; 64104; 64145; 64146; 64156; 64157; 64158; 64178; 64196; 64197; 64201; 64224; 64225; 64236; 64237; 64238; 64308; 64327; 64363; 64465; 64473; 64531; 64658; 64660; 64707; 64800; 64810; 64865; 64899; 64901; 64913; 64953; 65074; 65087; 65088; 65096; 65149; 65208; 65252; 65346; 65358; 65360; 65416; 65418; 65420; 65428; 65431; 65507; 65527; 65529;
189,39299; 51954; 51955; 56396; 56435; 56438; 56456; 56527; 56537; 56539; 56607; 56628; 56630; 56728; 56746; 56757; 56760; 56764; 56815; 56837; 56842; 56854; 56856; 56867; 56869; 56983; 56985; 57005; 57007; 57014; 57016; 57017; 57018; 57041; 57044; 57045; 57072; 57086; 57092; 57099; 57101; 57117; 57118; 57119; 57129; 57142; 57148; 57149; 57164; 57188; 57189; 57294; 57336; 57832; 57834; 57898; 57902; 57937; 57938; 58028; 58030; 58035; 58053; 58054; 58056; 58058; 58087; 58088; 58126; 58134; 58335; 58336; 58348; 58569; 58573; 58578; 58604; 58636; 58638; 58770; 58775; 58777; 58779; 58883; 58885; 58938; 59020; 59527; 59528; 59529; 59534; 59539; 59544; 59546; 59558; 59559; 59593; 59594; 59595; 59599; 59600; 59602; 59609; 59614; 59623; 59624; 59625; 59627; 59628; 59798; 59799; 59810; 59829; 59830; 59831; 59868; 59877; 59913; 59914; 59916; 59927; 59928; 59932; 59933; 59934; 59942; 59947; 59959; 59960; 59961; 59968; 59974; 59975; 59980; 59984; 59985; 59986; 59988; 59989; 60040; 60044; 60046; 60047; 60048; 60049; 60050; 60054; 60055; 60086; 60087; 60088; 60089; 60090; 60091; 60102; 60103; 60104; 60114; 60115; 60116; 60123; 60124; 60125; 60143; 60144; 60145; 60151; 60155; 60164; 60165; 60167; 60173; 60174; 60178; 60215; 60216; 60217; 60218; 60229; 60231; 60901; 60906; 60907; 60909; 60911; 60912; 60927; 60929; 60931; 60935; 60948; 60956; 60958; 60965; 61006; 61025; 61034; 61038; 61084; 61086; 61087; 61088; 61089; 61090; 61091; 61092; 61105; 61108; 61109; 61116; 61187; 61188; 61195; 61196; 61225; 61227; 61228; 61229; 61257; 61259; 61264; 61266; 61289; 61291; 61292; 61294; 61306; 61309; 61324; 61326; 61328; 61348; 61351; 61353; 61360; 61367; 61371; 61373; 61375; 61379; 61380; 61381; 61382; 61383; 61391; 61393; 61397; 61403; 61405; 61407; 61409; 61412; 61454; 61456; 61466; 61500; 61514; 61516; 61528; 61557; 61564; 61566; 61582; 61585; 61590; 61655; 61657; 61718; 61723; 61727; 61736; 61744; 61746; 61855; 61859; 61861; 61863; 61865; 61866; 61867; 61868; 61873; 61874; 61875; 61893; 61895; 61897; 61928; 61957; 61962; 61966; 61971; 61981; 61987; 61997; 61998; 62003; 62009; 62045; 62046; 62069; 62071; 62084; 62093; 62098; 62099; 62117; 62119; 62128; 62138; 62146; 62148; 62227; 62253; 62257; 62259; 62261; 62263; 62265; 62267; 62295; 62296; 62297; 62400; 62407; 62445; 62446; 62456; 62468; 62490; 62494; 62496; 62501; 62802; 62820; 62845; 62846; 62847; 62849; 62878; 62879; 62880; 62885; 62886; 63035; 63100; 63233; 63234; 63235; 63237; 63242; 63244; 63245; 63247; 63265; 63268; 63270; 63272; 63273; 63274; 63275; 63277; 63278; 63279; 63280; 63282; 63283; 63284; 63285; 63286; 63287; 63288; 63290; 63313; 63342; 63349; 63350; 63365; 63366; 63383; 63390; 63391; 63393; 63401; 63402; 63403; 63588; 63676; 63677; 63678; 63685; 63686; 63688; 63690; 63700; 63701; 63702; 63703; 63704; 63705; 63710; 63714; 63718; 63721; 63729; 63731; 63732; 63818; 63887; 64017; 64018; 64020; 64022; 64024; 64071; 64078; 64080; 64081; 64119; 64123; 64313; 64314; 64356; 64368; 64370; 64387; 64406; 64409; 64475; 64496; 64529; 64536; 64538; 64661; 64730; 64766; 64836; 64971; 65007; 65092; 65194; 65226; 65227; 65228; 65236; 65245; 65257; 65277; 65279; 65283; 65292; 65331; 65336; 65344; 65364; 65377; 65387; 65432; 65433; 65437; 65452; 65508;
196,14573; 14592; 14593; 23579;
227,63008;
230,58969;
281,31900; 35900; 36500; 36700; 37700; 42300; 44700; 47100; 50100; 54100; 54600; 54900; 57200; 57600; 58200; 59600; 60500; 64900;
282,53400; 61200; 61300; 61700; 62000; 62100; 62400; 64400; 64500; 65200; 65300;
283,33100; 37100; 37500; 38700; 51200; 55600; 60400;
284,63100; 63300; 64000; 64800; 64900;
301,33669; 34679; 35255; 35256; 36939; 38190; 42496; 43627; 43965; 43970; 44044; 44046; 44094; 44617; 44636; 45509; 51873; 53783; 53831; 53836; 53895; 55320; 57752; 60190; 61923; 62355; 62358; 62360; 62367; 62420; 62481; 62516; 62517; 62518; 62519; 62524; 62526; 62528; 62531; 62532; 62534; 62536; 62538; 62542; 62544; 62558; 62584; 62586; 62588; 62590; 62592; 62641; 62642; 62650; 62673; 62678; 62681; 62684; 62687; 62689; 62691; 62692; 62697; 62699; 62702; 62706; 62711; 62728; 62731; 62733; 62737; 62739; 62743; 62750; 62753; 62843; 62846; 62848; 62859; 62876; 62879; 62883; 62912; 62915; 62967; 62971; 63041; 63044; 63067; 63134; 63137; 63141; 63148; 63151; 63154; 63155; 63156; 63168; 63172; 63182; 63188; 63190; 63192; 63204; 63212; 63221; 63227; 63236; 63237; 63242; 63268; 63281; 63282; 63283; 63285; 63295; 63313; 63330; 63341; 63343; 63349; 63356; 63357; 63360; 63370; 63371; 63372; 63373; 63375; 63388; 63389; 63416; 63418; 63420; 63422; 63429; 63432; 63435; 63449; 63450; 63460; 63467; 63472; 63498; 63519; 63535; 63541; 63547; 63548; 63583; 63646; 63655; 63658; 63659; 63678; 63694; 63696; 63698; 63702; 63721; 63724; 63731; 63766; 63784; 63795; 63799; 63826; 63831; 63841; 63862; 63864; 63874; 63880; 63929; 63934; 63939; 63972; 63977; 63989; 64021; 64087; 64088; 64099; 64143; 64155; 64169; 64180; 64210; 64232; 64233; 64244; 64254; 64256; 64260; 64262; 64265; 64266; 64273; 64276; 64280; 64282; 64286; 64287; 64288; 64293; 64294; 64300; 64308; 64309; 64310; 64311; 64320; 64331; 64334; 64336; 64344; 64345; 64346; 64351; 64356; 64361; 64369; 64374; 64377; 64378; 64386; 64387; 64388; 64392; 64393; 64394; 64400; 64401; 64402; 64409; 64410; 64418; 64419; 64427; 64428; 64429; 64449; 64461; 64462; 64463; 64464; 64466; 64467; 64468; 64469; 64470; 64472; 64476; 64480; 64481; 64482; 64483; 64484; 64487; 64488; 64489; 64490; 64491; 64492; 64493; 64494; 64495; 64496; 64497; 64501; 64502; 64503; 64504; 64511; 64512; 64514; 64515; 64516; 64519; 64520; 64521; 64522; 64523; 64524; 64525; 64526; 64532; 64537; 64538; 64539; 64548; 64553; 64554; 64555; 64556; 64576; 64577; 64585; 64586; 64595; 64597; 64598; 64612; 64613; 64627; 64633; 64634; 64636; 64637; 64638; 64639; 64640; 64641; 64642; 64643; 64644; 64645; 64646; 64647; 64650; 64651; 64652; 64660; 64661; 64668; 64669; 64671; 64672; 64673; 64674; 64677; 64684; 64686; 64695; 64703; 64734; 64735; 64745; 64751; 64761; 64762; 64774; 64775; 64776; 64778; 64791; 64827; 64833; 64834; 64844; 64851; 64855; 64860; 64861; 64865; 64866; 64870; 64872; 64873; 64874; 64876; 64879; 64887; 64910; 64920; 64973; 64982; 64984; 64991; 65010; 65014; 65015; 65016; 65018; 65019; 65036; 65059; 65064; 65068; 65077; 65078; 65089; 65097; 65115; 65129; 65150; 65161; 65179; 65180; 65242; 65244; 65252; 65261; 65262; 65266; 65278; 65281; 65289; 65310; 65323; 65346; 65355; 65357; 65358; 65369; 65374; 65378; 65387; 65388; 65389; 65390; 65391; 65410; 65417; 65438; 65459; 65460; 65486; 65487; 65493; 65507; 65517;
302,32503; 32511; 33973; 33978; 35461; 38882; 40135; 43480; 43490; 43491; 55329; 56309; 56311; 56313; 56342; 56434; 56436; 56439; 56575; 56594; 56596; 56652; 56689; 56761; 56981; 56983; 57009; 57012; 57042; 57076; 57092; 57119; 57121; 57156; 57158; 57160; 57221; 57228; 57266; 57348; 57350; 57355; 57357; 57360; 57362; 57422; 57426; 57460; 57532; 57535; 57541; 57558; 57561; 57603; 57607; 57614; 57618; 57646; 57649; 57658; 57809; 57811; 57813; 57857; 57861; 57864; 57866; 57869; 57929; 58035; 58039; 58074; 58077; 58173; 58177; 58297; 58365; 58367; 58370; 58395; 58396; 58399; 58408; 58414; 58416; 58503; 58627; 58631; 58632; 58707; 58748; 58749; 58754; 58794; 58805; 58831; 58832; 58833; 58855; 58856; 58857; 58862; 58865; 58868; 59219; 59220; 59224; 59225; 59226; 59252; 59253; 59254; 59255; 59256; 59257; 59258; 59259; 59260; 59264; 59265; 59266; 59400; 59402; 59403; 59407; 59408; 59409; 59417; 59418; 59595; 59596; 59597; 59598; 59599; 59600; 59871; 59872; 59873; 59897; 59898; 59899; 59900; 59901; 59902; 59919; 59921; 59922; 59952; 59953; 59954; 59955; 59957; 60026; 60027; 60028; 60040; 60079; 60080; 60114; 60115; 60116; 60128; 60129; 60134; 60135; 60136; 60137; 60138; 60139; 60140; 60141; 60142; 60143; 60144; 60157; 60158; 60159; 60165; 60166; 60167; 60169; 60170; 60179; 60189; 60190; 60205; 60219; 60220; 60222; 60227; 60228; 60229; 60238; 60240; 60244; 60245; 60248; 60251; 60252; 60253; 60254; 60261; 60262; 60263; 60264; 60265; 60266; 60279; 60436; 60485; 60694; 60737; 60796; 60798; 60804; 60808; 60917; 60918; 60996; 61323; 61351; 61360; 61364; 61454; 61455; 61711; 61712; 61737; 61753; 61755; 61766; 61767; 61768; 61815; 61817; 61858; 61859; 61861; 61862; 61863; 61868; 61944; 61945; 61946; 61956; 61958; 61965; 61967; 61988; 61990; 62000; 62081; 62082; 62084; 62086; 62087; 62088; 62117; 62118; 62119; 62139; 62140; 62141; 62167; 62169; 62174; 62176; 62217; 62218; 62249; 62251; 62285; 62396; 62402; 62408; 62443; 62485; 62621; 62788; 63397; 63398; 63862; 63863; 63867; 63990; 63991; 64070; 64071; 64153; 64154; 64155; 64159; 64160; 64190; 64194; 64206; 64213; 64214; 64215; 64222; 64250; 64269; 64270; 64273; 64371; 64372; 64391; 64392; 64394; 64647; 64684; 64685; 64686; 64956; 64957; 65029; 65056; 65059; 65064; 65065; 65066; 65136; 65219; 65234; 65235; 65250; 65251; 65260; 65262; 65361; 65362; 65363;
304,94; 345; 1969; 2414; 2744; 3387; 5048; 5154; 5548; 6011; 6587; 6588; 6882; 7037; 7360; 7371; 8496; 10948; 10950; 11063; 11109; 12425; 13155; 16149; 16168; 16330; 16334; 16544; 16853; 16854; 16855; 16882; 16883; 18153;
305,32228; 59205; 59206; 62733; 62735; 62831; 63510; 63724; 63729; 63734; 63735; 63897; 63972; 63973; 63974; 63975; 64016; 64027; 64033; 64034; 64036; 64037; 64044; 64049; 64052; 64300; 64301; 64302; 64306; 64307; 64308; 64338; 64355; 64362; 64392; 64405; 64410; 64509; 64683; 64963; 65084; 65088; 65090; 65147; 65159; 65160; 65233; 65279; 65294; 65295; 65328; 65329; 65330; 65355; 65370; 65498; 65503;
306,472; 473; 1704; 1875; 3037; 3651; 3653; 4340; 4525; 4898; 5009; 5535; 7958; 8259; 8590; 9034; 9115; 10295; 10384; 10983; 11013; 12104; 12105; 12144; 12547; 14861; 14862; 15488; 15855; 15975; 17714; 18239; 18554; 18613; 18826; 18998; 19245; 19283; 19325; 19326; 19343; 19492; 19493; 19725; 20491; 21416; 21421; 22043; 22337; 22358; 22412; 22413; 22971; 23598; 24454; 24543; 24580; 26238;
307,55340; 56168; 56170; 57056; 57060; 57065; 57067; 57072; 60214; 60459; 60461; 60468; 60470; 60481; 60485; 60552; 61487; 61488; 61489; 61746; 61747; 61748; 61758; 61771; 61792; 61793; 61794; 61795; 61797; 61798; 61803; 61804; 61805; 62332; 62343; 62418; 63628; 63633; 63634; 63650; 63698; 64173; 64249;
310,32463; 32469; 32679; 32700; 35199; 35200; 35201; 47160; 47167; 47168; 49349; 56599; 56821; 56823; 56969; 57043; 57050; 57052; 57114; 61137; 61144; 61145; 61146; 61149; 61154; 61155; 61164; 61169; 61177; 61233; 61239; 61244; 61458; 61464; 61474; 61525; 61531; 61533; 61548; 61550; 61554; 61610; 61612; 61614; 61648; 61650; 61653; 61789; 61795; 61919; 61980; 61989; 61993; 61995; 61999; 62021; 62141; 62143; 62150; 62152; 62156; 62164; 62201; 62219; 62221; 62223; 62251; 62368; 62370; 62372; 62374; 62376; 62378; 62380; 62387; 62408; 62426; 62428; 62430; 62434; 62436; 62438; 62540; 62542; 62597; 62600; 62602; 62603; 62609; 62610; 62613; 62657; 62659; 62664; 62668; 62670; 62673; 62675; 62677; 62679; 62681; 62683; 62685; 62687; 62717; 62721; 62723; 62725; 62727; 62730; 62733; 62736; 62743; 62747; 62750; 62752; 62756; 62760; 62763; 62777; 62779; 62786; 62789; 62794; 62807; 62809; 62813; 62825; 62828; 62846; 62848; 62854; 62880; 62885; 62891; 62894; 62906; 62910; 62915; 62920; 62933; 62936; 62938; 62946; 62954; 62974; 62977; 62999; 63019; 63026; 63034; 63046; 63047; 63050; 63052; 63071; 63112; 63113; 63114; 63115; 63117; 63118; 63120; 63121; 63122; 63126; 63127; 63128; 63129; 63130; 63131; 63132; 63133; 63134; 63135; 63136; 63137; 63138; 63139; 63140; 63141; 63142; 63143; 63184; 63185; 63186; 63187; 63190; 63191; 63195; 63196; 63197; 63212; 63213; 63221; 63222; 63227; 63228; 63230; 63231; 63232; 63233; 63236; 63237; 63238; 63239; 63240; 63241; 63248; 63249; 63250; 63251; 63252; 63253; 63254; 63255; 63256; 63260; 63261; 63262; 63263; 63264; 63265; 63273; 63274; 63275; 63277; 63284; 63285; 63286; 63291; 63292; 63293; 63295; 63296; 63298; 63299; 63300; 63301; 63302; 63304; 63308; 63309; 63310; 63311; 63312; 63314; 63319; 63320; 63322; 63323; 63326; 63331; 63332; 63333; 63334; 63335; 63336; 63337; 63338; 63343; 63344; 63345; 63346; 63347; 63351; 63352; 63353; 63354; 63355; 63356; 63357; 63358; 63359; 63360; 63361; 63362; 63363; 63364; 63365; 63366; 63372; 63373; 63374; 63378; 63379; 63380; 63381; 63382; 63387; 63388; 63389; 63390; 63391; 63392; 63399; 63400; 63401; 63404; 63405; 63406; 63408; 63409; 63412; 63413; 63414; 63415; 63416; 63418; 63420; 63427; 63437; 63438; 63439; 63440; 63445; 63446; 63451; 63452; 63453; 63462; 63463; 63465; 63466; 63489; 63496; 63497; 63498; 63499; 63504; 63506; 63507; 63508; 63511; 63514; 63529; 63530; 63531; 63564; 63573; 63584; 63621; 63623; 63625; 63652; 63708; 63709; 63722; 63740; 63753; 63768; 63769; 63770; 63793; 63816; 63836; 63866; 63883; 63884; 63897; 63898; 63899; 63915; 63929; 63933; 63934; 63935; 63948; 64160; 64202; 64235; 64242; 64243; 64244; 64253; 64287; 64298; 64299; 64303; 64319; 64339; 64348; 64349; 64375; 64377; 64380; 64384; 64391; 64417; 64422; 64435; 64436; 64438; 64490; 64504; 64505; 64510; 64511; 64512; 64572; 64576; 64582; 64583; 64584; 64598; 64610; 64611; 64612; 64613; 64614; 64616; 64670; 64671; 64763; 64770; 64795; 64819; 64876; 64907; 64908; 64910; 64916; 64923; 64941; 64956; 64961; 64979; 64982; 64983; 64984; 64985; 64986; 64987; 64988; 64990; 64997; 64998; 64999; 65000; 65015; 65021; 65023; 65024; 65025; 65031; 65032; 65038; 65043; 65064; 65069; 65070; 65071; 65072; 65074; 65075; 65081; 65083; 65107; 65108; 65109; 65115; 65116; 65133; 65140; 65141; 65146; 65147; 65156; 65157; 65158; 65161; 65164; 65177; 65182; 65183; 65195; 65196; 65197; 65199; 65202; 65203; 65216; 65222; 65224; 65246; 65247; 65248; 65267; 65268; 65269; 65288; 65330; 65354; 65361; 65444; 65519;
311,33041; 34603; 34607; 54138; 54139; 54907; 55376; 55384; 55983; 55987; 55990; 56052; 56054; 56418; 56420; 56439; 56441; 56498; 56500; 56515; 56559; 56565; 56567; 56710; 56714; 56715; 56726; 56729; 56761; 56765; 56909; 56911; 56913; 56936; 57007; 57009; 57012; 57029; 57052; 57056; 57086; 57094; 57096; 57101; 57107; 57109; 57138; 57148; 57155; 57157; 57159; 57164; 57166; 57171; 57182; 57184; 57227; 57229; 57232; 57233; 57234; 57250; 57266; 57276; 57303; 57305; 57361; 57364; 57367; 57396; 57402; 57405; 57407; 57417; 57420; 57424; 57459; 57465; 57468; 57472; 57476; 57485; 57488; 57494; 57496; 57498; 57542; 57544; 57546; 57582; 57586; 57590; 57687; 57699; 57791; 57794; 57798; 57807; 57810; 57813; 57816; 57845; 57848; 57851; 57861; 57864; 57882; 57884; 57891; 57909; 57913; 57954; 57957; 57967; 58178; 58352; 58353; 58390; 58398; 58410; 58506; 58565; 58566; 58567; 58658; 58659; 58661; 58694; 58696; 58699; 58894; 58895; 58896; 58898; 58919; 58922; 58934; 58972; 58973; 58974; 58975; 59051; 59057; 59058; 59059; 59061; 59077; 59078; 59079; 59099; 59100; 59104; 59105; 59106; 59127; 59128; 59130; 59134; 59135; 59136; 59144; 59145; 59146; 59150; 59151; 59152; 59153; 59154; 59155; 59171; 59172; 59173; 59181; 59198; 59206; 59207; 59208; 59227; 59228; 59229; 59230; 59233; 59234; 59303; 59305; 59309; 59310; 59314; 59315; 59316; 59317; 59318; 59319; 59320; 59336; 59337; 59338; 59339; 59340; 59343; 59348; 59353; 59354; 59358; 59365; 59366; 59375; 59376; 59377; 59384; 59385; 59388; 59410; 59415; 59423; 59427; 59428; 59501; 59502; 59503; 59542; 59547; 59719; 59721; 59722; 59723; 59724; 59725; 59726; 59795; 59796; 59797; 59800; 59804; 59805; 59808; 59818; 59819; 59827; 59828; 59848; 59849; 59858; 59862; 59864; 59893; 59894; 59895; 59903; 59904; 59905; 59909; 59911; 60211; 60213; 60214; 60325; 60326; 60327; 60328; 60329; 60331; 60332; 60333; 60336; 60337; 60341; 60348; 60349; 60350; 60354; 60356; 60357; 60359; 60369; 60370; 60371; 60373; 60374; 60384; 60385; 60386; 60387; 60388; 60389; 60390; 60391; 60394; 60399; 60403; 60404; 60405; 60407; 60411; 60415; 60416; 60417; 60419; 60420; 60421; 60448; 60449; 60450; 60454; 60455; 60456; 60475; 60485; 60488; 60525; 60526; 60527; 60531; 60546; 60547; 60548; 60605; 60615; 60617; 60619; 60661; 60675; 60676; 60677; 60679; 60823; 60847; 60851; 60863; 60885; 60945; 60946; 60961; 61041; 61043; 61058; 61087; 61088; 61216; 61218; 61244; 61245; 61246; 61326; 61328; 61392; 61393; 61394; 61414; 61416; 61417; 61590; 61615; 61789; 61791; 61792; 61836; 62076; 62129; 62130; 62131; 62160; 62161; 62208; 62209; 62382; 62420; 62421; 62422; 62429; 62465; 62466; 62467; 62633; 62634; 62636; 62642; 62643; 62645; 62654; 62670; 62692; 62701; 62703; 62707; 62708; 62765; 62766; 62767; 62775; 62776; 62810; 62811; 62812; 62819; 62820; 62821; 62828; 62829; 62830; 62831; 62832; 62833; 62848; 62850; 62858; 62867; 62871; 62877; 62926; 62927; 62928; 62956; 62968; 62969; 62970; 62978; 62982; 62986; 63000; 63002; 63022; 63023; 63024; 63028; 63032; 63036; 63041; 63053; 63057; 63058; 63105; 63106; 63110; 63138; 63139; 63140; 63165; 63166; 63204; 63724; 63725; 63812; 63921; 63922; 63958; 63959; 63964; 63974; 64007; 64009; 64114; 64116; 64121; 64145; 64390; 64468; 64494; 64495; 64507; 64514; 64515; 64516; 64524; 64529; 64621; 64623; 64693; 64694; 64695; 64710; 64748; 64961; 64962; 64963; 64993; 65011; 65039; 65240; 65312; 65337; 65368; 65377; 65378; 65394; 65407; 65412; 65510; 65525;
314,31; 1599; 1648; 8110; 11994; 16015; 16182; 16203; 17078; 18846; 18947; 21586; 22859;
315,400; 1103; 1250; 3573; 3941; 5772; 6301; 7912; 15881; 15883; 15886; 16677; 17893; 18223; 19005; 20272; 20636; 20874; 20875; 20888; 21353; 21361; 21385; 21643; 22602; 24103; 24447; 24820; 26211; 26213; 29583;
316,19; 27; 939; 1299; 1633; 1634; 1808; 2020; 2036; 2085; 2086; 2088; 3953; 4597; 5514; 5515; 5516; 5804; 5849; 6690; 6780; 8400; 8723; 8733; 12236; 13670; 13756; 15048; 15740; 16077; 16193; 16406; 16407; 16408; 17029; 17925; 18068; 18141; 18142; 19006; 19390; 19391; 19392; 20404; 21176; 21182; 21644; 21691; 22598; 22729; 22730; 22972; 23837; 25197; 25223; 25775; 31741; 32107;
399,64759; 64786; 64800; 64863; 64864; 64877; 64900; 64913; 64924; 64955; 64962; 65026; 65090; 65097; 65105; 65122; 65137; 65166; 65256; 65312; 65400; 65414; 65431;
400,65375; 65437; 65519;
550,64922; 64978; 65026; 65057; 65088; 65140; 65176; 65193; 65285; 65305; 65309;
707,126; 128; 521; 2029; 2175; 2397; 2546; 2607; 3090; 3412; 3671; 3672; 3902; 4439; 4451; 5483; 6372; 6373; 6554; 6631; 6767; 6768; 7392; 7534; 8126; 8388; 8563; 9054; 9876; 10067; 10158; 10160; 10234; 10874; 10991; 11111; 11113; 11252; 11486; 11557; 11601; 11665; 11667; 12968; 13146; 13779; 13888; 13965; 13967; 14812; 14907; 14909; 15379; 17290; 17444; 17708; 17787; 18081; 19598; 19741; 19762; 19763; 20332; 20583; 20700; 20706; 20755; 21130; 21180; 23348; 31152; 31153;
709,114; 718; 855; 1337; 1556; 2465; 2473; 4766; 4894; 7137; 7571; 7944; 8359; 8442; 8444; 9139; 10353; 10623; 12864; 12969; 12985; 13837; 16392; 21402; 23357; 23761; 23764; 23843; 28761; 31330; 60941;
710,12551; 12761; 12780; 12788; 17836; 21976; 26813;
712,106; 341; 1175; 1248; 1846; 1854; 4002; 4041; 4086; 4114; 4646; 6639; 19393; 19407; 22921; 22937; 23646; 24537; 24538; 24974; 28471; 28472; 28921;
881,61309; 61311; 61616; 61618; 61855; 61907; 61909; 61929; 61930; 61955; 61957; 62034; 62035; 62036; 62108; 62110; 62138; 62139; 62173; 62178; 62180; 62195; 62196; 62197; 62246; 62247; 62248; 62330; 62331; 62366; 62368; 62419; 62420; 62421; 62428; 62429; 62438; 62579; 62581; 62684; 62685; 62686; 62770; 62771; 62780; 62930; 62931; 62932; 62933; 62941; 63119; 63120; 63138; 63180; 63181; 63235; 63236; 63237; 63245; 63246; 63247; 63269; 63274; 63275; 63280; 63283; 63285; 63391; 63400; 63401; 63402; 63406; 63407; 63408; 63464; 63465; 63467; 63469; 63475; 63496; 63497; 63498; 63499; 63506; 63507; 63508; 63741; 63742; 63761; 63768; 63769; 63770; 63771; 63772; 63789; 63802; 63803; 63806; 63878; 63916; 63918; 63931; 63934; 63935; 63936; 63985; 63988; 63989; 64016; 64018; 64020; 64028; 64055; 64069; 64071; 64073; 64080; 64082; 64087; 64117; 64118; 64131; 64133; 64135; 64143; 64145; 64162; 64163; 64164; 64165; 64166; 64188; 64199; 64204; 64208; 64214; 64217; 64218; 64219; 64224; 64224; 64256; 64257; 64257; 64267; 64275; 64280; 64291; 64292; 64293; 64302; 64310; 64311; 64312; 64313; 64314; 64315; 64317; 64318; 64359; 64360; 64367; 64411; 64412; 64424; 64426; 64464; 64466; 64627; 64628; 64638; 64670; 64956; 65412; 65423;
885,639; 9235; 9830; 9911; 10669; 10670; 10911; 11257; 11912; 15942; 15948; 16132; 17696; 17707; 20109; 20111; 21863; 23970; 24510; 26066; 26093; 26293; 26759; 27370; 28184; 31764; 35286; 35340; 40022; 58970; 59183; 61099;
890,61317; 61918; 62090; 62091; 62225; 62226; 62240; 62241; 62434; 62470; 62471; 62475; 62493; 62715; 62717; 62718; 62719; 62775; 62776; 62802; 62815; 62819; 62834; 62849; 62854; 62855; 62860; 62876; 62877; 62878; 62879; 62880; 62881; 62984; 62990; 63051; 63052; 63053; 63054; 63115; 63116; 63143; 63153; 63154; 63167; 63168; 63169; 63195; 63196; 63197; 63324; 63325; 63350; 63354; 63356; 63357; 63363; 63365; 63366; 63398; 63533; 63534; 63587; 63588; 63665; 63670; 63683; 63891; 63991; 63996; 64037; 64038; 64039; 64059; 64061; 64142; 64148; 64154; 64239; 64240; 64263; 64264; 64285; 64309; 64336; 64339; 64344; 64345; 64354; 64355; 64356; 64385; 64386; 64387; 64395; 64435; 64461; 64557; 64567; 64568; 64597; 64605; 64608; 64620; 64622; 64624; 64625; 64698; 64722; 64766; 64775; 64776; 64781; 64793; 64805; 64807; 64817; 64818; 64976; 64979; 64989; 65009; 65036; 65037; 65044; 65080; 65081; 65098; 65115; 65117; 65130; 65134; 65135; 65143; 65146; 65149; 65154; 65252; 65271; 65276; 65366; 65497; 65501;
895,268; 314; 648; 896; 1236; 2146; 2335; 2347; 2426; 2589; 2817; 3156; 3457; 3712; 3984; 4244; 4428; 7578; 7585; 7586; 9498; 9577; 9770; 10050; 10994; 10995; 11831; 12141; 12983; 13003; 13006; 13012; 13014; 15366; 16921; 17246; 18024; 18025; 18663; 18709; 19669; 20077; 21950; 22679; 22809; 23455; 24424; 25061; 25066; 25788; 26378; 26379; 26447; 26448; 27364; 27365; 27646; 28121; 28268; 32947;
901,61449; 61829; 61990; 61991; 62069; 62322; 62325; 62326; 62608; 62609; 62610; 62888; 62890; 63076; 63077; 63078; 63082; 63084; 63203; 63239; 63241; 63243; 63248; 63249; 63250; 63570; 63570; 63571; 63589; 63590; 63590; 63689; 63720; 63732; 63734; 63815; 63816; 63818; 63831; 63842; 63845; 63851; 63894; 63897; 64101; 64180; 64194; 64195; 64244; 64249; 64364; 64486; 64497; 64516; 64518; 64585; 64586; 64689; 64693; 64700; 64702; 64717; 64731; 64733; 64736; 64738; 64741; 64742; 64743; 64795; 64843; 64852; 64860; 64892; 64896; 64907; 64909; 64914; 64971; 65428; 65431; 65446; 65449;
903,36; 290; 318; 732; 991; 992; 1510; 1684; 4794; 6240; 6260; 6510; 6520; 6612; 6633; 7021; 8934; 10005; 12173; 12174; 12175; 14926; 14935; 16336; 16754; 16903; 16943; 17019; 17439; 17590; 17636; 18050; 18114; 20027; 20131; 21818; 21819; 22515; 22516; 24645; 24693; 25159; 27254; 27614; 28276; 28615; 28650; 35316; 35321; 60632;
910,61068; 61071; 61072; 61075; 61076; 61077; 61087; 61095; 61102; 61105; 61106; 61107; 61108; 61116; 61117; 61124; 61125; 61126; 61136; 61137; 61138; 61145; 61146; 61334; 61345; 61467; 61474; 61482; 61487; 61488; 61495; 61496; 61497; 61507; 61508; 61510; 61516; 61518; 61519; 61521; 61522; 61525; 61526; 61527; 61528; 61543; 61546; 61548; 61551; 61554; 61555; 61556; 61557; 61558; 61566; 61568; 61573; 61574; 61575; 61577; 61582; 61584; 61585; 61586; 61598; 61599; 61601; 61604; 61605; 61606; 61607; 61933; 61934; 61935; 61939; 61944; 64098; 64253;
911,47567; 47569; 57197; 57198; 60908; 60909; 61157; 61158; 61328; 61329; 61684; 61707; 61708; 61709; 61713; 61721; 61722; 61723; 61724; 61725; 61727; 61728; 61736; 61740; 61744; 61867; 61883; 62044; 62046; 62047; 62062; 62064; 62065; 62066; 62067; 62068; 62080; 62081; 62083; 62085; 62086; 62087; 62183; 62188; 62243; 62244; 62245; 64759; 64760; 64811; 64812; 64874; 64877; 64926; 65102; 65103; 65109; 65110; 65204; 65205; 65206; 65218; 65226; 65229; 65230; 65276; 65282; 65284; 65288; 65290; 65293; 65294; 65295; 65331; 65339; 65341; 65357; 65361; 65368; 65380; 65389; 65410; 65411; 65412; 65438; 65449; 65450; 65458; 65459; 65460; 65467; 65470; 65493; 65499; 65503; 65507; 65508; 65510; 65512; 65516; 65527; 65529; 65530; 65531; 65532;
917,641; 949; 1134; 1910; 2197; 2590; 2785; 6739; 7594; 8645; 15993; 16050; 16129; 16152; 16310; 16920; 18260; 24770; 24771; 25860; 25870; 26229; 26531; 26945; 27606; 28503; 28532;
927,44; 1368; 1497; 1699; 1703; 1838; 2622; 2636; 3156; 3450; 3454; 3507; 4604; 5081; 5127; 5311; 5944; 8233; 8234; 10491; 10492; 11309; 11561; 11835; 12339; 13612; 13811; 16006; 16433; 16965; 17629; 23351; 25137; 25948; 25958; 26722; 26723; 26867; 28025; 33375; 34323; 35524;
943,60927; 61197; 61258; 61259; 61260; 61674; 61675; 61771; 61776; 61777; 61787; 61788; 61789; 62111; 62112; 62113; 62189; 62272; 62276; 62277; 62278; 62315; 62323; 62324; 62375; 62375; 62376; 62377; 62533; 62537; 62538; 62542; 62565; 62566; 62575; 62576; 62652; 62653; 62664; 62678; 62693; 62702; 62703; 62725; 62730; 62752; 62756; 62829; 62831; 62910; 62913; 62915; 62987; 62989; 63023; 63024; 63037; 63039; 63605; 63735; 63736; 63737; 63738; 63739; 63765; 63904; 63905; 63922; 63923; 63924; 63999; 64111; 64623; 64624; 64635; 64683; 64684; 64687; 64701; 64716; 64718; 64722; 64730; 65033; 65034; 65127; 65129; 65134; 65135; 65139; 65140; 65213; 65224; 65225; 65232; 65233; 65234; 65240; 65241; 65242; 65246; 65250; 65277; 65279; 65281; 65291; 65292; 65294; 65305; 65306; 65312; 65313; 65315; 65317; 65319; 65320; 65321; 65322; 65325; 65328; 65330; 65334; 65335; 65336; 65341; 65345; 65347; 65350; 65356; 65357; 65361; 65363; 65364; 65375; 65386; 65389; 65390; 65391; 65410; 65412; 65414; 65417; 65418; 65428; 65429; 65431; 65432; 65437; 65447; 65451; 65454; 65464; 65479; 65480; 65486; 65494; 65495; 65497; 65500; 65501; 65502; 65504; 65508; 65509; 65511; 65513; 65518; 65528; 65531; 65534;
963,3002; 14018; 14021;
964,61062; 61063; 61064; 61859; 61861; 61999; 62003; 62004; 62205; 62207; 62217; 62218; 62271; 62498; 62534; 62535; 62536; 62669; 62672; 62673; 62674; 62697; 62698; 62737; 62738; 62865; 62869; 62925; 62926; 62948; 62949; 62951; 62998; 62999; 63001; 63427; 63428; 63429; 63451; 63453; 63501; 63502; 63543; 63545; 63626; 63628; 63631; 63633; 63640; 63641; 63825; 63826; 63839; 63846; 63854; 64181; 64182; 64183; 64186; 64432; 64599; 64601; 64680; 64692; 64699; 64703; 64708; 64802; 64828; 64869; 64884; 64973; 64975; 64994; 64995; 64996; 65031; 65054; 65093; 65094; 65105; 65124; 65129; 65140; 65141; 65164; 65177; 65190; 65194; 65196; 65202; 65213; 65215; 65216; 65219; 65223; 65224; 65225; 65230; 65236; 65237; 65239; 65241; 65250; 65258; 65259; 65262; 65268; 65270; 65274; 65278; 65279; 65281; 65294; 65296; 65297; 65298; 65307; 65308; 65315; 65318; 65320; 65323; 65328; 65329; 65331; 65332; 65337; 65338; 65341; 65344; 65347; 65361; 65362; 65368; 65369; 65370; 65393; 65476; 65479; 65507; 65510; 65516;
965,60905; 60906; 60907; 60948; 60949; 60950; 60954; 60955; 60956; 60963; 60964; 60965; 60967; 60968; 60975; 60976; 60977; 60978; 60979; 60980; 60984; 60985; 60986; 60989; 61014; 61015; 61016; 61024; 61249; 61254; 61369; 61373; 61378; 61379; 61765; 61766; 61785; 61807; 61823; 61824; 61852; 61854; 61873; 61887; 61894; 61895; 61905; 61906; 61968; 61969; 61978; 61987; 61989; 62170; 62171; 62252; 62253; 62255; 62256; 62257; 62263; 62264; 62265; 62266; 62303; 62304; 62305; 62351; 62352; 62354; 62355; 62405; 62411; 62412; 62512; 62555; 62556; 62733; 62734; 62735; 62789; 62807; 62808; 62934; 62935; 62939; 62955; 62957; 62968; 62972; 62973; 62978; 62979; 62980; 63070; 63072; 63094; 63095; 63096; 63134; 63135; 63136; 63137; 63212; 63213; 63221; 63290; 63291; 63293; 63294; 63295; 63313; 63315; 63327; 63328; 63521; 63529; 63531; 63536; 63538; 63553; 63558; 63574; 63575; 63576; 63592; 63593; 63594; 63650; 63653; 63692; 63717; 63718; 63719; 63729; 63729; 63858; 63875; 63884; 63885; 63953; 63968; 63973; 63979; 64008; 64047; 64074; 64075; 64076; 64083; 64085; 64129; 64130; 64319; 64321; 64325; 64445; 64446; 64450; 64588; 64590; 64591; 64617; 64645; 64650; 64672; 64674; 64904; 64905; 64906; 64923; 65167; 65168; 65281; 65282; 65286; 65405; 65408;
966,56131; 56132; 61757; 61758; 61759; 62065; 62066; 62090; 64306; 64310; 64327; 64328;
6148,3064074; 3064084; 3064094; 3067914; 3067924; 3067934; 3176206; 3176216; 3176226; 128052510; 128061706; 128061716; 128061726; 128063242; 128063252; 128063262; 128065802; 128065812; 128065822; 128075530; 128075540; 128075550; 128078612; 128078622; 128092426; 128092436; 128092446; 128124682; 128124692; 128124702; 128131338; 128131348; 128131358; 128162058; 128162068; 128162078; 128386314; 128386324; 128386334; 128531722; 128531732; 128572170; 128572180; 128583946; 128583956; 128583966; 128630026; 128630036; 128630046; 128708362; 128708372; 128708382; 129200394; 129200414; 129498378; 129498398; 129498890; 129498900; 129499402; 129499412; 129499422; 129673226; 129673236; 129673246; 129682954; 129682964; 129682974; 129733662; 129883146; 129883156; 129883166; 130406922; 130406932; 130406942; 130481674; 130481684; 130481694;
6150,879378; 2195214; 2195224; 2195234; 2202894; 2202904; 2202914; 2229518; 2229528; 2229538; 2242318; 2242328; 2242338; 2243338; 2243342; 2243352; 2243362; 2248974; 2248984; 2248994; 2257176; 2257186; 2268430; 2268686; 2268696; 2268706; 2281230; 2281240; 2281250; 2281486; 2281496; 2281506; 2392590; 2392600; 2405646; 2405656; 2405666; 2659342; 2659352; 2659362; 2799650; 2869774; 2869794; 2966030; 2966040; 2966050; 128027914; 128027924; 128060682; 128060692; 128060702; 128060968; 128060978; 128060988; 128103178; 128103188; 128387850; 128387860; 128387870; 128388136; 128524042; 128524052; 128524062; 128689940; 128690216; 128690226; 128807690; 128807700; 129032970; 129032980; 129032990; 129092362; 129092372; 129092382; 130365450; 130365460; 130365470; 130538506; 130538516; 130538526; 130670090; 130670100; 131481610; 131481620; 131481630; 133133332; 133768212; 133868042;
6157,956942; 956948; 956958; 1561362; 2189330; 2189340; 2189350; 2199822; 2199832; 2199838; 2199842; 2200590; 2200600; 2200610; 2201358; 2201368; 2201378; 2201610; 2201620; 2202382; 2202392; 2202402; 2203662; 2203672; 2203682; 2203918; 2203928; 2203938; 2205194; 2206478; 2206488; 2206498; 2212110; 2212120; 2212130; 2213130; 2215182; 2215192; 2215202; 2215694; 2215704; 2215714; 2216206; 2216216; 2216226; 2221084; 2221086; 2223118; 2223128; 2223138; 2225166; 2225176; 2225186; 2225948; 2226708; 2226726; 2239246; 2239256; 2239266; 2248462; 2248472; 2248482; 2249230; 2251278; 2251288; 2251298; 2252042; 2252056; 2252066; 2252302; 2252312; 2252322; 2262542; 2262552; 2262562; 2275854; 2275864; 2275874; 2284302; 2284312; 2284322; 2293262; 2293272; 2293282; 2296078; 2296088; 2296098; 2305294; 2305304; 2305314; 2317080; 2319122; 2319132; 2334734; 2334744; 2335502; 2335512; 2335522; 2402062; 2402072; 2402082; 2413326; 2413336; 2413346; 2433300; 2448398; 2448418; 2493454; 2493464; 2493474; 2575114; 2575134; 2575138; 2642702; 2761486; 2761496; 2761506; 2814218; 2814228; 2814238; 2946314; 2946324; 2946334; 2959630; 2959640; 2959650; 2973720; 2973730; 3031826; 3052554; 3052564; 3052574; 3057674; 3057684; 3057694; 3235598; 3263764; 128025866; 128025876; 128025886; 128053002; 128053002; 128053012; 128053012; 128053022; 128053022; 128054026; 128054036; 128054046; 128054056; 128054066; 128054076; 128054322; 128054332; 128064788; 128064798; 128125706; 128125716; 128135946; 128135956; 128135966; 128137994; 128138004; 128138014; 128152852; 128152862; 128219402; 128219412; 128219914; 128219924; 128219934; 128268554; 128444170; 128444190; 128457994; 128458004; 128458014; 128458506; 128458516; 128458526; 128459018; 128459028; 128459038; 128506122; 128506132; 128506142; 128592138; 128592148; 128592158; 128601866; 128601876; 128601886; 128627466; 128627476; 128627486; 128995082; 129477898; 129477908; 129477918; 129516298; 129516308; 129516318; 129575434; 129575444; 129575454; 129676298; 129676308; 129676318; 129690654; 129709066; 129709076; 129709086; 129781258; 129781268; 129809930; 129809940; 129809950; 129938462; 130096650; 130096660; 130096670; 130447370; 130447380; 130447390; 130539018; 130539028; 130539038; 130554890; 130554900; 130554910; 130559006; 131299850; 131299860; 131299870; 131386890; 131386900; 131386910; 131442708; 131442718; 131537428; 133260820;
6162,1264146; 128048906; 128048916; 128050442; 128050452; 128050462; 128133386; 128133396; 128133406; 128134410; 128134420; 128134430; 128206090; 128206100; 128206110; 128222986; 128222996; 128223006; 128678154; 128678164; 128678174; 128786698; 128786708; 128786718; 129214730; 129214750; 129409300; 130995210; 130995220; 130995230;
6187,12810; 12820; 12830; 56594; 83474; 83480; 83490; 97290; 97304; 97318; 186378; 186402; 271900; 271910; 282638; 317460; 317470; 358940; 358942; 410142; 1332242; 1595658; 1595676; 1595678; 1631498; 1652746; 1652764; 1652766; 1934346; 1934350; 1934356; 1934360; 2004238; 2049556; 2049570; 2056970; 2056988; 2056994; 2135054; 2135064; 2135074; 2165272; 2165282; 2165518; 2165528; 2165538; 2193166; 2193176; 2193186; 2196494; 2199334; 2211086; 2211096; 2211106; 2215950; 2215960; 2215970; 2226190; 2226196; 2226214; 2238488; 2238498; 2248226; 2260494; 2260500; 2260504; 2260514; 2280974; 2280984; 2280994; 2296330; 2296340; 2296350; 2297098; 2297108; 2297118; 2305038; 2305048; 2305058; 2314274; 2315022; 2315032; 2315042; 2315052; 2318350; 2318360; 2318370; 2318882; 2321166; 2321176; 2321934; 2321944; 2321954; 2327310; 2327320; 2327330; 2516750; 2516760; 2516770; 2524942; 2524952; 2589714; 2589716; 2589726; 2610442; 2610452; 2610462; 2733838; 2733844; 2733854; 2764298; 2764318; 2780938; 2780958; 2835238; 2875924; 2972942; 2972952; 2972962; 2993674; 2993684; 3002642; 3157524; 3157790; 128006410; 128006410; 128016424; 128016434; 128016444; 128035092; 128035102; 128035368; 128040714; 128041738; 128041748; 128072458; 128072468; 128072478; 128072488; 128090378; 128093962; 128093972; 128093982; 128098058; 128098068; 128098078; 128114954; 128114964; 128114984; 128114994; 128115004; 128136970; 128136990; 128137010; 128139530; 128139540; 128139550; 128525598; 128555530; 128555540; 128705802; 128705812; 128705822; 128750346; 128750356; 128750366; 128824074; 129191178; 129191188; 129191198; 129923594; 129923604; 129923614; 130139146; 130139156; 130139166; 130233866; 130233876; 130233886; 130286090; 130537994; 130538014; 130559498; 130559508; 130559518; 130713098; 130713108; 131290634; 131290644; 131290654; 131420702; 131547658; 131547668; 131547678; 134043146; 134043156;
6188,83476; 186388; 186644; 271882; 282644; 282654; 282658; 317450; 358922; 410122; 410142; 1631508; 1631518; 1934366; 2049546; 2165528; 2165538; 2196504; 2196514; 2199306; 2199316; 2213390; 2213400; 2213410; 2238478; 2248206; 2248216; 2280970; 2314254; 2314264; 2318862; 2318872; 2321186; 2524962; 2764308; 2775566; 2775576; 2775586; 2835210; 2835220; 2875914; 2875934; 3017226; 3017236; 3017246; 3078162; 3078172; 3078182; 3078192; 3185674; 128041738; 128041748; 128041758; 128044298; 128044318; 128083732; 128090398; 128098078; 128114954; 128114974; 128114984; 128114994; 128501022; 128525578; 128525598; 128550154; 128550164; 128550174; 129595402; 129595412; 129595422; 129923604; 130537994; 130538004; 130558986; 130558996; 130559006; 130559498; 130559508; 130559518; 134043166;
6190,2178328; 2183182; 2183192; 2183202; 2186250; 2186260; 2186274; 2190616; 2190626; 2196750; 2196760; 2213642; 2213662; 2220814; 2220834; 2226978; 2248728; 2267150; 2268942; 2448152; 2448162; 2684440; 2684450; 2732558; 2732568; 2791444; 2821906; 2821916; 2821918; 2958360; 3015946; 3015956; 3015966; 128108298; 128108318; 128115466; 128119582; 128632586; 128864532; 129276180; 129276190; 129732618; 129732628; 130072074; 130072084; 130073098; 130390538; 130390548; 130390558; 130390568; 130482186; 130482196; 130482206; 130482472; 130482482; 130482492; 130535946; 130535956; 130555914; 130556938; 130556948; 130556958; 130617886; 130619924; 130619934; 131299348; 131299358; 131442186; 131442196; 133572618; 134554900;
6191,2178318; 2178338; 2190606; 2196770; 2203406; 2203416; 2203426; 2213652; 2226958; 2226968; 2248718; 2248738; 2267160; 2267170; 2268952; 2268962; 2448142; 2684430; 2732578; 2763786; 2763796; 2763806; 2791434; 2791454; 2958350; 2958370; 3004170; 3004180; 3004190; 3027210; 3027214; 3027224; 3027230; 3027234; 3063570; 3200782; 3200792; 3200802; 128108308; 128115466; 128115476; 128115486; 128119562; 128119572; 128119582; 128141066; 128141076; 128141086; 128632586; 128632596; 128864808; 129276170; 129276190; 129732618; 129732638; 130072074; 130072094; 130073108; 130073118; 130482186; 130482196; 130482206; 130482472; 130482482; 130482492; 130535946; 130535956; 130535966; 130555914; 130555924; 130556938; 130556948; 130556958; 130617876; 130619914; 130619924; 130619934; 131299338; 131299348; 131299358; 131442186; 131442196; 131442206; 133572638; 134554890; 134554900; 134554910;
6194,2201630; 2205204; 2205214; 2213902; 2213912; 2213922; 2221066; 2225930; 2225950; 2226698; 2243594; 2243604; 2243614; 2249240; 2249250; 2433290; 2433310; 2448408; 2717454; 2717464; 2717474; 2973710; 3008778; 3008788; 3008798; 3241738; 3241748; 3241758; 128125726; 128151316; 128151326; 128444170; 128444180; 128832276; 128876298; 128876308; 128876318; 129575434; 129575454; 129690634; 129690644; 131442698; 131442708; 131442718; 131537428; 133260810; 133260820; 133260830;
8200,998674;
8201,128002314; 128002324; 128002329; 128002334; 128002339; 128002826; 128002846; 128003087; 128003107; 128003338; 128003348; 128003358; 128003850; 128003855; 128003860; 128003870; 128004111; 128004121; 128591114; 128649482; 128649492; 128649502; 128649753; 128649763; 128653578; 128653588; 128653593; 128653598; 128844554; 128844564; 128844574; 128854282; 128854287; 128854292; 128891146; 128891156; 128891166; 128891407; 128891417; 128994058; 128994068; 128994078; 128994319; 128994329; 128994339; 129071882; 129071892; 129071902; 129108234; 129108239; 129108244; 129108254; 129218314; 129218324; 129218334; 129218595; 129867786; 129867791; 129867796; 129867801; 129867806; 130435082; 130435092; 133683722; 133683732; 133683742; 133764106; 133764116; 133764126; 134140426; 134140436; 134140446; 134534410; 134534420; 134534424; 134534430; 134534435;
8208,908562; 1560082; 128120074; 128590612; 128590622; 128596234; 128596244; 128596746; 128596756; 128596766; 128651530; 128651550; 128744202; 128744222; 128923924; 128923934; 129262346; 129262366; 129273610; 129273620; 129273630; 129850890; 129850900; 129850910; 130627092; 130682890; 130682900; 130682910; 130971146; 130971156; 130971156; 130971166; 131327508; 134902794; 134902804; 134902814;
8237,947218; 1031442; 128018698; 128018708; 128018718; 128560394; 128560404; 128560414; 128660746; 128660756; 128660766; 128712478; 128757012; 128757022; 128767754; 128767774; 128880414; 128887562; 128887572; 128932106; 128932116; 128932126; 128932618; 128932628; 128932638; 128941322; 128941332; 128941337; 128941342; 129000714; 129000724; 129000734; 129115402; 129115412; 130364938; 130364948; 130364958; 130665999; 130666009; 131074570; 131074580; 131115038; 131384330; 131384340; 131384350; 131445770; 131588116; 133238292; 133238302; 133436426; 133436436; 133436436; 133436446; 133649418; 133649428; 133649438; 133870090; 133870110; 133995018; 133995028; 133995038; 134119434; 134119444; 134119454; 134383114; 134383124; 134383134; 135465994;
8247,1804818; 130762250; 130762260; 130762270;
8249,128878868; 128878878; 129037066; 129037086; 129049866; 129049876; 129049886; 129442058; 129442068; 129442078; 129701898; 129701908; 129701918; 129851934; 129872906; 129872916; 129872926; 130074122; 130074132; 130074142; 130083860; 130083870; 130124298; 130124308; 130124318; 130504714; 130504724; 130986506; 130986516; 130986526; 131046410; 131046430; 131187722; 131187732; 131187742; 131199498; 131199508; 131199518; 131472394; 131472404; 131472414; 133215242; 133215252; 133215262; 133507594; 133507604; 133507614; 133889034; 133889044; 133946890; 133946900; 133946910;
8251,1334802; 128509716; 128509726; 128538900; 128538910; 128558858; 128558868; 128558878; 128559370; 128559380; 128559390; 128559882; 128559902; 128593162; 128593172; 128593182; 128595722; 128595742; 128598292; 128598302; 128611594; 128611604; 128611614; 128642826; 128642836; 128642846; 128649994; 128650004; 128650014; 128825610; 128825620; 128826634; 128826644; 128836362; 128836367; 128836372; 128836377; 128836382; 128846602; 128846622; 128989962; 128989972; 128989982; 128996618; 128996628; 129755146; 129755156; 129755166; 130002954; 130002964; 130024970; 130024980; 130024990; 130248202; 130329630; 131167252; 131167262; 131244042; 131244052; 131244062; 131315732; 131474442; 133286922; 133286932;
8265,1773842; 128020234; 128020244; 128020254; 128118026; 128118036; 128118046; 128588554; 128588564; 128588574; 128594698; 128594718; 128595210; 128595220; 128640266; 128831242; 128831252; 128853780; 128855306; 128855316; 128868106; 128868116; 128986378; 128986388; 128986398; 129032468; 129048330; 129048340; 129202954; 129202964; 129202974; 129223454; 129367818; 129367828; 129367838; 129414410; 129414420; 129414430; 129608714; 129713674; 129713684; 129713694; 129866772; 130155018; 130155028; 130307594; 130307614; 130455050; 130455070; 130509322; 130509332; 130790410; 130790420; 130790430; 130818058; 131336714; 131339786; 131339796; 131393044; 131496970; 131496990; 133306890; 133306910; 133375498; 133375508; 133375518; 133686282; 133686302; 134887434; 134887444;
8269,128594708; 129107722; 129177866; 129177876; 129177886; 129218826; 129218836; 129223946; 129223956; 129285396; 129285406; 129307402; 129307412; 129307422; 129310986; 129310996; 129311006; 129328414; 129361162; 129361172; 129361182; 129464586; 129464596; 129464606; 129494794; 129494804; 129494814; 129495306; 129705482; 129705492; 129791498; 129791508; 129791518; 129808394; 129808404; 130168330; 130168340; 130199050; 130199060; 130199070; 130226186; 130226196; 130226206; 130306570; 130306580; 130306590; 130385418; 130385428; 130385438; 130629642; 130629652; 130629662; 130770452; 131197470; 131602964; 133215262; 133381642; 133381652; 133381662; 133625866; 133625876; 133625886; 133646346; 133650442; 133650452; 133650462; 133758474; 133758484; 133758494; 133845002; 133845012; 133845022; 133949962; 133949972; 133949982; 134339850; 134339870;
8288,128117002; 128117022; 128588042; 128588062; 128598794; 128598814; 129272074; 129272084; 129848330; 129848350; 129997834; 129997844; 129997854; 130742794; 130742804; 130896394; 130896404; 130896414; 133146122; 133146132; 133420564; 133790730; 133790740; 133790750; 133983242; 133983252; 133983262; 134672394; 134672404; 134672414;
12290,11018; 11028; 11038; 11786; 11796; 11800; 11806; 11810; 18698; 18708; 18718; 44298; 44308; 44318; 96522; 96532; 96542; 98570; 98580; 98590; 122122; 122132; 122142; 147722; 147732; 147742; 150282; 150292; 150302; 155402; 155412; 155422; 165902; 165912; 165922; 167690; 167700; 167710; 181002; 181012; 181022; 192522; 192540; 192550; 217610; 217620; 217630; 220938; 220948; 220958; 224522; 224532; 224542; 224788; 224798; 225802; 225812; 225822; 228106; 228116; 228126; 231434; 231438; 231444; 240650; 240660; 240670; 255498; 255508; 255518; 257546; 257556; 257566; 269578; 269598; 272906; 272916; 272926; 277778; 277788; 277790; 304906; 304916; 304926; 317962; 317972; 317982; 323082; 323092; 323102; 323594; 323604; 323614; 324362; 324372; 324382; 324628; 324638; 324874; 324884; 324894; 328970; 328980; 328990; 344586; 344596; 344606; 352010; 352020; 352030; 352034; 353546; 353556; 353566; 380690; 380702; 387594; 387604; 387614; 398602; 398612; 398622; 408586; 408596; 408606; 490770; 490772; 1140746; 1140766; 1174538; 1174548; 1174558; 1289482; 1289492; 1289502; 1373450; 1373460; 1373470; 1419018; 1419028; 1419038; 1534986; 1534996; 1557522; 1605642; 1605652; 1605662; 1717002; 1717012; 1717022; 1897482; 1897492; 1897502; 1913354; 1913364; 1913374; 1922314; 1922324; 1922334; 1935370; 1935380; 1935390; 1976586; 1976596; 1985034; 1985044; 1985054; 1998346; 1998356; 1998366; 1998376; 2021642; 2021652; 2021662; 2027018; 2027028; 2027038; 2051338; 2051348; 2051358; 2142474; 2142484; 2142494; 2222858; 2222868; 2222878; 2298890; 2298900; 2298910; 2526218; 2526228; 2526238; 2535434; 2535444; 2535454; 2588938; 2588948; 2588958; 2615050; 2615060; 2615070; 2883850; 2883860; 2883870; 2983178; 2983188; 2983198; 3002890; 3002900; 3107594; 3107604; 3107614; 3144458; 3144468; 3144478; 128454410; 128454420; 128454430; 129518346; 131278346; 131278356; 131278366;
12292,11274; 11294; 78346; 78356; 102666; 102670; 102680; 102686; 150538; 150548; 151316; 151326; 160778; 160788; 160798; 180490; 180500; 180510; 241162; 241182; 257812; 257822; 264458; 264468; 265738; 265758; 348938; 348948; 348958; 355352; 355358; 359444; 359454; 656660; 656670; 936458; 936468; 1181706; 1181716; 1181726; 1557012; 1557022; 1674250; 1866772; 1866782; 1899786; 1899796; 1958154; 1958164; 1958174; 2808330; 2808340; 2808350; 2994698;
12295,21002; 21012; 21022; 43530; 43540; 43550; 158218; 158228; 158238; 194314; 194324; 194334; 232970; 232980; 232990; 247562; 247572; 247582; 248586; 248596; 248606; 256778; 256788; 256798; 257290; 257300; 257310; 267274; 267284; 267294; 282890; 282900; 282910; 310538; 310548; 310558; 311572; 311582; 344074; 344084; 344094; 409354; 409364; 409374; 1140234; 1140244; 1140254; 1151498; 1151508; 1151518; 1171210; 1171220; 1205002; 1205012; 1205022; 1399818; 1399828; 1399838; 1865994; 1866004; 1866014; 1886730; 1886740; 1886750; 2023186; 2023196; 2023206; 2957322; 2957332; 2957342; 3014154; 3014164; 3014174;
12296,11284; 13578; 13588; 13598; 15122; 15128; 15132; 15134; 15626; 15636; 15646; 18186; 18196; 18206; 18462; 19722; 19740; 19742; 22036; 22046; 22050; 53002; 53012; 53022; 78366; 102676; 117790; 122634; 122644; 122654; 124938; 124948; 124966; 125962; 125972; 125982; 126218; 126222; 126228; 126238; 132618; 132628; 132638; 150558; 150794; 150804; 150814; 154890; 154900; 154904; 154914; 154918; 155658; 155668; 155678; 160798; 198666; 198676; 198686; 232714; 232724; 238602; 238612; 238622; 241176; 242954; 242964; 242974; 252682; 252692; 252702; 256530; 256532; 256540; 256542; 256550; 257802; 258826; 258836; 258846; 264478; 265748; 283402; 283420; 283422; 289034; 289042; 289044; 289052; 289054; 289062; 323338; 323348; 323358; 339474; 339476; 339494; 341514; 341524; 341534; 347146; 347156; 347166; 355338; 355348; 357386; 357404; 357414; 359434; 366858; 366868; 366878; 368650; 368660; 368670; 394258; 394260; 394270; 395018; 395028; 400394; 400402; 400404; 400414; 408330; 408340; 408350; 408358; 474900; 474904; 500498; 500508; 500510; 641290; 641294; 641300; 641310; 641314; 645130; 645140; 645150; 675858; 675860; 675870; 734474; 734484; 734494; 754442; 754452; 754462; 936478; 1155594; 1155604; 1155614; 1213962; 1213972; 1213982; 1557002; 1620746; 1620756; 1620766; 1674260; 1674270; 1676554; 1676564; 1676574; 1720330; 1720340; 1720350; 1748490; 1748500; 1748510; 1866772; 1892618; 1892628; 1892638; 1899806; 1960978; 1960988; 1960998; 1976330; 1976340; 1976350; 1976360; 1996810; 1996820; 1996830; 1996840; 2025738; 2025748; 2025758; 2039050; 2039060; 2039070; 2171146; 2171156; 2171166; 2363402; 2363412; 2363422; 2409738; 2409748; 2409758; 2774026; 2774036; 2774046; 2926090; 2926100; 2926110; 2950174; 2967828; 2988298; 2988308; 2988318; 3255562; 3255572; 3255582;
12297,17930; 17944; 17950; 50186; 50210; 50214; 56078; 56084; 79380; 101130; 101140; 101150; 103946; 103956; 103966; 105492; 148746; 148760; 148770; 151562; 151572; 151582; 171018; 171032; 171042; 197650; 197652; 197662; 204554; 204564; 204582; 229130; 229140; 229150; 244234; 254228; 258314; 258332; 258334; 268070; 268298; 268308; 268318; 283662; 283668; 283682; 302858; 302872; 302878; 308258; 320266; 320280; 320286; 342034; 342036; 342046; 360482; 388882; 388892; 388902; 396298; 396312; 396326; 413962; 413970; 413972; 413986; 589838; 589844; 589854; 866092; 883466; 883476; 883486; 920338; 996362; 996372; 996382; 1036554; 1036568; 1036574; 1054482; 1085212; 1157642; 1157646; 1157652; 1157656; 1157662; 1157666; 1161742; 1161748; 1161758; 1240842; 1240856; 1240862; 1289758; 1366026; 1375242; 1375252; 1375270; 1398538; 1398548; 1398558; 1444370; 1466890; 1466900; 1466910; 1469962; 1469972; 1469982; 1531914; 1531928; 1531934; 1532682; 1532686; 1532692; 1532696; 1532702; 1532706; 1532942; 1532952; 1532962; 1556012; 1585682; 1628682; 1628692; 1628702; 1684494; 1684500; 1684518; 1723662; 1723672; 1723682; 1725450; 1725460; 1725470; 1753106; 1753112; 1753126; 1817354; 1817358; 1817364; 1817368; 1827858; 1832970; 1832988; 1832994; 1901074; 1952014; 1952020; 1952030; 1980426; 1980430; 1980436; 1980440; 1980446; 1980450; 2016270; 2016280; 2016286; 2022674; 2022680; 2022694; 2022704; 2040074; 2040088; 2040102; 2040108; 2043146; 2043164; 2043174; 2058254; 2058268; 2058274; 2161674; 2161684; 2161694; 2245642; 2245652; 2245662; 2528266; 2528270; 2528276; 2528280; 2528286; 2528290; 2616074; 2616084; 2616094; 2678538; 2678548; 2678558; 2682890; 2682900; 2682910; 2693642; 2693652; 2693662; 2693672; 2694154; 2718222; 2740490; 2740500; 2740510; 2854922; 2854932; 2854942; 2882844; 2956810; 2956820; 2956830; 2988554; 2988564; 2988574; 2997258; 2997268; 2997278; 3003402; 3003410; 3003412; 3003420; 3044362; 3044372; 3044382; 3087636; 3087646;
12299,23826; 23828; 23846; 25362; 25364; 55074; 99338; 99348; 99362; 106766; 167454; 205330; 205332; 205342; 246812; 257034; 257052; 257062; 259338; 259348; 259358; 315146; 315156; 315174; 328458; 328468; 328478; 353300; 354058; 354076; 354078; 361482; 361490; 361492; 361500; 361502; 361506; 362762; 362772; 362782; 368404; 368414; 397322; 397332; 397342; 397350; 399394; 403986; 403996; 404006; 412170; 412184; 412190; 518932; 595730; 595732; 595742; 645386; 645396; 645406; 1048078; 1048084; 1048098; 1108234; 1108244; 1108254; 1135370; 1135380; 1135390; 1149198; 1149204; 1149218; 1222154; 1222164; 1222174; 1225994; 1226004; 1226014; 1535502; 1535512; 1535522; 1541390; 1541396; 1541400; 1541406; 1554462; 1568778; 1568788; 1568802; 1569034; 1641738; 1641748; 1641758; 1675530; 1675544; 1675550; 1815054; 1934610; 1934620; 1934622; 1987338; 1987356; 1987358; 1988626; 1988632; 1988646; 1991178; 1991188; 1991198; 1996306; 1996308; 1996318; 1996328; 2002962; 2002964; 2002974; 2012938; 2012948; 2012958; 2045450; 2122002; 2122012; 2122022; 2444298; 2444308; 2444318; 2503444; 2503454; 2509578; 2509588; 2509606; 2675466; 2675486; 2797838; 2797848; 2797858; 2807562; 2807572; 2807582; 2811658; 2811668; 2811678; 2979598; 2979608; 2979618; 128245002; 128245012; 128245022; 128247050; 128247060; 128247070; 128247562; 128247572; 128247582;
12300,1546; 1556; 1566; 3850; 3860; 3870; 77578; 77588; 77598; 79370; 79390; 96010; 96020; 96028; 96030; 97802; 97812; 97822; 99594; 99604; 99614; 99850; 101898; 101908; 101918; 105482; 105502; 105738; 105748; 105756; 105758; 105766; 156682; 156692; 156702; 205834; 205844; 205854; 217354; 217364; 217374; 223498; 223508; 223518; 244244; 244254; 254238; 267530; 267534; 267540; 267550; 268042; 268052; 268810; 268818; 268820; 268828; 268830; 269834; 269844; 308234; 308238; 308244; 308248; 308254; 309514; 309524; 309534; 327946; 327956; 327966; 337418; 337428; 337438; 349962; 349972; 349982; 349990; 360458; 360468; 389898; 389908; 389918; 396554; 396564; 396574; 399882; 399890; 399892; 399900; 399902; 399910; 413706; 413716; 413726; 611338; 611348; 611358; 864266; 864276; 864286; 879626; 879636; 879646; 918026; 918036; 918046; 1040906; 1040916; 1040926; 1085194; 1085214; 1268490; 1268500; 1268510; 1289738; 1289748; 1375498; 1375508; 1375518; 1375528; 1474318; 1474328; 1539594; 1539604; 1539614; 1555978; 1555988; 1555998; 1556490; 1556500; 1556510; 1814794; 1814804; 1814814; 1827860; 1827870; 1842186; 1842206; 1860362; 1860372; 1860382; 1897738; 1897748; 1897758; 1928202; 1928212; 1928222; 1996554; 1996564; 1996574; 2001674; 2001684; 2001694; 2011914; 2011924; 2011934; 2011938; 2045194; 2045204; 2045214; 2618122; 2618132; 2618142; 2677002; 2677012; 2677022; 2694410; 2694420; 2694430; 2718228; 2718238; 2842890; 2842900; 2842910; 2882314; 2882334; 2882826; 2882846; 2959124; 2959134;
12302,25374; 106772; 106782; 106786; 231690; 231700; 231710; 353290; 353310; 357898; 357908; 357918; 368394; 518922; 518942; 838930; 1554442; 1554452; 1569044; 1569054; 1576974; 1576984; 1576994; 1638154; 1638164; 1638174; 2045460; 2045470; 2137354; 2137364; 2137374; 2137384; 2503434; 2503464;
12306,76302; 76306; 76308; 76316; 76322; 76326; 78858; 78868; 78878; 243466; 243484; 243494; 244490; 244500; 244514; 283146; 283156; 283170; 290058; 290076; 290086; 391954; 391956; 391974; 410634; 410644; 410654; 1074954; 1074962; 1074968; 1074972; 1074978; 1074982; 1367050; 1367064; 1367070; 1520914; 1520916; 1520930; 1833226; 1833236; 1833246; 2051598; 2172170; 2172180; 2172190; 2227466; 2227476; 2227486; 2458378; 2458388; 2458398; 2546964; 2546974; 2850826; 2850836; 2850846; 2948878; 3252746; 3252756; 3252766;
12319,10; 20; 30; 23306; 23324; 23334; 50698; 50708; 55562; 55572; 55582; 77326; 77330; 77332; 77342; 77346; 82954; 82972; 82974; 94474; 94484; 94494; 94504; 101386; 101396; 101406; 101410; 163358; 172042; 172052; 172062; 172066; 209422; 209436; 209442; 229642; 229650; 229652; 229660; 229662; 229670; 242698; 242702; 242708; 242712; 242718; 242722; 242728; 245258; 245268; 245278; 247306; 247314; 247316; 247326; 247340; 247354; 248334; 248340; 248354; 267018; 267026; 267032; 267036; 267038; 267794; 267804; 267806; 278030; 278044; 278794; 278812; 278814; 279306; 279316; 279334; 304138; 304148; 304158; 304650; 304668; 304670; 304674; 307466; 307480; 307484; 307486; 315918; 315928; 315934; 318474; 318484; 318494; 320522; 320540; 320550; 327690; 327700; 327710; 327714; 354834; 354844; 354846; 371722; 371740; 371750; 403466; 403480; 403486; 405002; 405012; 405026; 414986; 414996; 440590; 440596; 440606; 725258; 725276; 725278; 938506; 938516; 938534; 1100302; 1100308; 1100318; 1390090; 1390100; 1390110; 1401610; 1401620; 1401634; 1405982; 1441294; 1441304; 1441314; 1469720; 1487118; 1487132; 1487142; 1487144; 1515796; 1517586; 1517596; 1517606; 1527064; 1528590; 1528596; 1528606; 1556238; 1556248; 1556258; 1560334; 1560344; 1637138; 1637144; 1637150; 1676042; 1676052; 1676070; 1682954; 1682964; 1682974; 1683214; 1683228; 1683238; 1715978; 1715996; 1716006; 1716016; 1781774; 1781784; 1781794; 1828362; 1828372; 1828382; 1864458; 1864472; 1864486; 1923086; 1923092; 1923106; 1932042; 1932052; 1932062; 1954322; 1954324; 1954342; 1954352; 1995018; 1995028; 1995038; 2013470; 2017802; 2017812; 2017822; 2027538; 2027548; 2027550; 2029834; 2029844; 2029858; 2029872; 2044170; 2044180; 2044190; 2049802; 2049812; 2049822; 2056714; 2056724; 2123274; 2123284; 2123294; 2155022; 2359826; 2434058; 2434068; 2434078; 2469394; 2469404; 2558238; 2568202; 2568212; 2568222; 2617354; 2617364; 2617374; 2617384; 2630670; 2641166; 2690058; 2690068; 2690078; 2690086; 2724632; 2724646; 2778898; 2778908; 2778918; 2778928; 2811914; 2811924; 2811934; 2903050; 2903060; 2903070; 2926602; 2926612; 2926622; 2982154; 2982164; 2982174; 2982410; 2982420; 2982430; 3016202; 3016212; 3016222; 3016232; 3088650; 3088660; 3088670; 3096074; 3096084; 3118858; 3118868; 3118878; 3118888; 3190546; 3193874; 3215122; 3226898; 3239694;
12330,247306; 247316; 247326; 1469710; 1515786; 1515806; 1527060; 2013450; 2013460; 2056734; 2137098; 2137108; 2137118; 2370314; 2469406; 2558218; 2558228; 2724618; 3256340; 3256350;
24615,153354; 153364; 153374; 688906; 688916; 688926; 833546; 833556; 833566; 1174794; 1174808; 1383690; 1383700; 1383710; 1849098; 1849108; 1849118;
24616,104970; 104980; 104990; 123914; 123924; 123934; 153098; 153108; 153118; 225034; 225044; 225054; 225058; 266762; 266772; 266782; 320778; 320788; 320798; 322314; 322324; 322334; 646154; 646164; 646174; 681226; 681236; 681246; 708874; 708884; 708894; 773130; 773150; 816906; 816916; 816926; 817162; 817172; 817182; 840970; 840980; 840990; 845586; 879882; 879892; 882186; 882196; 882206; 889866; 889876; 889886; 901898; 901908; 901918; 930314; 930324; 930334; 936202; 936212; 936222; 1019914; 1019924; 1019934; 1037322; 1037332; 1037342; 1053450; 1053460; 1053470; 1076234; 1076244; 1076254; 1092362; 1092372; 1092382; 1106698; 1106708; 1106718; 1115658; 1115668; 1115678; 1117450; 1117460; 1117470; 1174818; 1188362; 1188372; 1188382; 1317386; 1317396; 1317406; 1347082; 1360906; 1360916; 1360926; 1435668; 1435678; 1495562; 1495572; 1495582; 1531658; 1531668; 1531678; 1536778; 1536788; 1555466; 1555476; 1555486; 1621002; 1716234; 1716244; 1716254; 1717514; 1717524; 1717534; 1719818; 1719828; 1719838; 1784330; 1784340; 1784350; 1789706; 1789716; 1789726; 1974282; 1974292; 1974302; 2056202; 2056212; 2056222; 2067210; 2067220; 2067230; 2069514; 2069524; 2069534; 2082826; 2082846; 2122506; 2122516; 2122526; 2170890; 2170900; 2170910; 3048724;
65142,1800194;
65148,1882114;
65150,1087760;
65153,1925382;
65158,1984257;
65163,1202440;
65168,1246983;
65183,2385967; 2385984;
65184,1388547;
65191,1432581;
65194,1492997;
65196,1525766;
65198,1538055;
65199,1552905;
65216,2804015;
